,date,USD/INR exchange rate,Federal funds rate,Ethanol Futures CLOSE,CBOE Volatility Index (VIX) CLOSE,India Inflation data Core CPI,USD / Brazilian Real Rate,ICEUS Sugar #11 CLOSE
0,2020-10-20,73.38,0.09,1.469,29.35,5.5,5.61,14.54
1,2020-06-19,76.23,0.09,1.23,35.12,4.0,5.38,12.05
2,2021-03-19,72.44,0.07,1.7990000000000002,20.95,5.03,5.49,15.76
3,2020-02-21,71.89,1.55,1.337,17.08,7.35,4.39,15.59
4,2020-06-29,75.54,0.08,1.155,31.78,4.0,5.4,11.71
5,2020-11-20,74.16,0.09,1.39,23.7,5.5,5.38,15.21
6,2021-04-15,74.8,0.07,2.01,16.99,5.52,5.62,16.38
7,2020-03-04,73.48,1.59,1.284,31.99,4.2,4.58,13.47
8,2020-07-09,75.23,0.09,1.395,29.26,4.0,5.34,11.84
9,2021-04-30,74.1,0.07,2.33,17.61,5.52,5.44,17.44
10,2020-03-18,75.13,0.25,0.972,76.45,3.9,5.11,10.67
11,2020-07-23,74.96,0.1,1.17,26.08,5.5,5.21,11.77
12,2020-12-18,73.56,0.09,1.45,21.57,6.93,5.1,14.44
13,2021-05-14,73.28,0.06,2.34,23.13,5.52,5.27,16.96
14,2020-07-21,74.56,0.09,1.107,24.84,5.5,5.17,11.67
15,2020-04-09,75.93,1.55,0.938,41.67,7.35,5.11,10.43
16,2020-08-13,74.86,0.1,1.23,22.13,5.5,5.37,13.11
17,2021-01-14,73.1,0.09,1.7380000000000002,23.25,6.93,5.2,16.67
18,2020-04-21,76.79,0.05,0.951,45.41,4.0,5.32,9.75
19,2020-08-26,74.29,0.09,1.285,23.27,5.5,5.61,12.58
20,2021-01-28,72.99,0.08,1.6580000000000001,30.21,4.59,5.44,15.59
21,2020-04-28,75.83,0.05,0.9390000000000001,33.57,4.0,5.5,9.34
22,2020-09-04,73.25,0.09,1.306,30.75,5.5,5.3,11.93
23,2021-02-09,72.85,0.08,1.749,21.63,4.59,5.38,16.44
24,2020-05-05,75.75,0.05,1.06,33.61,4.0,5.58,10.78
25,2020-09-18,73.61,0.09,1.355,25.83,5.5,5.39,12.77
26,2020-05-13,75.48,0.05,1.1079999999999999,35.28,4.0,5.89,10.26
27,2020-10-14,73.28,0.09,1.43,26.4,5.5,5.59,14.2
28,2020-05-22,75.86,0.05,1.069,28.16,4.0,5.55,10.93
29,2020-10-08,73.14,0.09,1.395,26.36,5.5,5.6,14.17
30,2021-03-25,72.6,0.07,1.8,19.81,5.03,5.65,15.09
31,2020-05-28,75.77,0.05,1.114,28.59,4.0,5.27,10.8
32,2020-10-28,73.99,0.09,1.413,40.28,5.5,5.75,14.89
33,2021-04-07,74.52,0.07,1.851,17.16,5.03,5.61,15.14
34,2020-06-05,75.4,0.06,1.185,24.52,4.0,5.12,12.02
35,2020-11-12,74.66,0.09,1.45,25.35,5.5,5.46,14.92
36,2021-04-22,75.11,0.07,2.199,17.5,5.52,5.44,16.92
37,2020-11-24,73.98,0.08,1.41,21.64,7.61,5.37,15.04
38,2021-05-05,73.83,0.06,2.34,18.31,5.52,5.35,17.53
39,2020-06-25,75.64,0.09,1.274,32.22,4.0,5.35,11.81
40,2020-12-08,73.62,0.09,1.375,20.68,7.61,5.12,14.39
41,2021-05-19,73.2,0.06,2.35,21.34,4.29,5.31,16.95
42,2020-07-02,75.5,0.08,1.25,27.68,4.0,5.32,12.24
43,2020-02-12,71.46,1.55,1.345,13.74,7.35,4.36,15.78
44,2020-07-14,75.28,0.09,1.2329999999999999,29.52,5.5,5.37,11.32
45,2020-12-31,73.08,0.09,1.5230000000000001,22.75,6.93,5.19,15.49
46,2020-03-03,73.64,1.58,1.291,36.82,4.2,4.52,13.76
47,2020-08-05,74.88,0.1,1.105,22.99,5.5,5.29,12.54
48,2021-01-26,72.89,0.08,1.6580000000000001,23.02,4.59,5.36,15.74
49,2020-03-17,74.06,1.55,1.028,75.91,7.35,5.01,10.89
50,2021-01-27,73.14,0.08,1.6580000000000001,37.21,4.59,5.41,15.8
51,2020-03-27,74.51,1.55,0.995,65.54,7.35,5.02,11.1
52,2020-08-28,73.13,0.09,1.2890000000000001,22.96,5.5,5.39,12.6
53,2021-02-19,72.55,0.08,1.729,22.05,4.06,5.38,17.79
54,2020-04-07,75.88,0.05,0.866,46.7,3.9,5.22,10.38
55,2021-03-05,73.18,0.07,1.76,28.57,4.06,5.69,16.4
56,2020-04-20,76.5,0.05,0.993,43.83,4.0,5.23,10.06
57,2020-09-22,73.57,0.09,1.325,26.86,5.5,5.47,12.89
58,2021-03-18,72.67,0.07,1.7990000000000002,19.23,5.03,5.56,15.89
59,2020-10-13,73.36,0.09,1.415,26.07,5.5,5.57,14.01
60,2021-04-01,73.29,0.07,1.91,19.4,5.03,5.71,14.71
61,2020-10-07,73.5,0.09,1.376,28.06,5.5,5.59,14.14
62,2021-04-16,74.54,0.07,2.01,16.57,5.52,5.59,16.72
63,2020-05-11,75.54,0.05,1.103,27.57,4.0,5.73,10.12
64,2020-10-27,73.7,0.09,1.493,33.35,5.5,5.71,14.83
65,2020-05-19,75.7,0.05,1.0859999999999999,30.53,4.0,5.72,10.85
66,2020-11-11,74.38,0.09,1.42,23.45,5.5,5.39,14.49
67,2021-05-13,73.48,0.06,2.34,27.59,5.52,5.31,17.11
68,2020-05-26,75.58,0.05,1.129,28.01,4.0,5.35,11.05
69,2020-06-01,75.52,0.05,1.138,28.23,4.0,5.33,11.0
70,2020-12-03,73.81,0.09,1.32,21.28,7.61,5.15,14.71
71,2020-06-11,75.98,0.07,1.1520000000000001,40.79,4.0,4.98,11.94
72,2020-12-04,73.8,0.09,1.32,20.79,7.61,5.16,14.44
73,2020-06-23,76.23,0.09,1.23,31.37,4.0,5.38,11.79
74,2021-01-05,73.16,0.09,1.5659999999999998,25.34,6.93,5.29,16.12
75,2020-07-01,75.5,0.08,1.25,28.62,4.0,5.32,12.17
76,2021-01-15,73.16,0.09,1.699,24.34,4.59,5.29,16.45
77,2020-07-28,74.85,0.09,1.2,25.44,5.5,5.15,12.01
78,2021-02-12,72.59,0.08,1.729,19.97,4.59,5.37,16.38
79,2020-01-31,71.5,1.55,1.35,18.84,7.0,4.28,14.61
80,2020-08-06,74.89,0.1,1.105,22.65,5.5,5.29,12.94
81,2021-02-25,73.06,0.07,1.729,28.89,4.06,5.53,17.84
82,2020-02-11,71.23,1.55,1.34,15.18,7.35,4.33,15.41
83,2020-08-18,74.66,0.1,1.29,21.51,5.5,5.47,12.89
84,2021-03-10,72.76,0.07,1.801,22.56,4.06,5.67,15.96
85,2020-02-19,71.63,1.58,1.358,14.38,4.2,4.37,15.58
86,2021-03-24,72.62,0.07,1.8,21.2,5.03,5.62,15.63
87,2020-09-11,73.48,0.09,1.306,26.87,5.5,5.32,11.92
88,2021-04-06,73.48,0.07,1.91,18.12,5.03,5.6,15.16
89,2020-03-19,74.94,0.25,1.042,72.0,3.9,5.1,10.59
90,2020-09-24,73.75,0.09,1.31,28.51,5.5,5.51,12.84
91,2021-04-23,75.22,0.07,2.199,18.71,5.52,5.48,16.91
92,2020-03-31,75.52,1.55,0.9209999999999999,53.54,7.35,5.21,10.42
93,2021-05-06,73.59,0.06,2.34,19.15,5.52,5.28,17.55
94,2020-04-15,76.85,0.05,0.97,40.84,4.0,5.24,10.16
95,2020-10-16,73.44,0.09,1.44,27.41,5.5,5.65,14.43
96,2021-05-20,73.03,0.06,2.35,22.18,4.29,5.28,17.04
97,2020-04-22,76.07,0.05,0.941,41.98,4.0,5.46,9.83
98,2020-10-29,74.23,0.09,1.39,37.59,5.5,5.78,14.4
99,2020-04-27,76.34,0.04,0.9470000000000001,33.29,4.0,5.65,9.21
100,2020-11-13,74.54,0.09,1.48,23.1,5.5,5.46,14.96
101,2020-05-06,76.06,0.05,1.068,34.12,4.0,5.72,10.27
102,2020-05-14,75.48,0.05,1.1079999999999999,32.61,4.0,5.89,10.46
103,2020-05-21,75.76,0.05,1.081,29.53,4.0,5.69,10.98
104,2020-12-24,73.57,0.09,1.45,21.53,6.93,5.22,14.9
105,2020-05-29,75.57,0.05,1.1159999999999999,27.51,4.0,5.37,10.91
106,2021-01-08,73.38,0.09,1.591,21.56,6.93,5.42,15.6
107,2021-01-21,73.02,0.09,1.633,21.32,4.59,5.35,16.05
108,2020-06-17,76.21,0.09,1.18,33.47,4.0,5.25,12.11
109,2021-02-04,72.98,0.08,1.72,21.77,4.59,5.43,16.05
110,2020-06-16,76.21,0.08,1.18,33.67,4.0,5.25,12.19
111,2021-02-17,72.75,0.08,1.729,21.5,4.06,5.41,16.96
112,2020-07-07,74.84,0.09,1.345,29.43,4.0,5.38,12.18
113,2021-03-03,73.01,0.07,1.814,24.1,4.06,5.62,16.14
114,2020-07-17,74.93,0.09,1.17,25.68,5.5,5.39,11.73
115,2021-03-16,72.56,0.07,1.7990000000000002,19.79,5.03,5.62,16.3
116,2020-07-30,74.86,0.1,1.11,24.76,5.5,5.17,12.11
117,2021-03-30,73.43,0.07,1.885,19.61,5.03,5.77,14.92
118,2020-08-07,75.04,0.1,1.12,22.21,5.5,5.44,12.67
119,2021-04-13,75.19,0.07,1.94,16.91,5.03,5.72,15.43
120,2020-08-20,74.99,0.09,1.29,22.72,5.5,5.56,13.01
121,2021-04-28,74.18,0.07,2.33,17.56,5.52,5.34,17.3
122,2020-08-21,74.99,0.09,1.29,22.54,5.5,5.56,12.83
123,2021-05-12,73.64,0.06,2.34,21.84,5.52,5.3,17.84
124,2020-09-16,73.71,0.09,1.295,26.04,5.5,5.24,12.35
125,2020-01-30,71.43,1.55,1.36,15.49,7.0,4.24,14.59
126,2020-02-07,71.52,1.55,1.34,15.47,7.0,4.32,14.92
127,2020-09-15,73.67,0.09,1.306,25.59,5.5,5.28,12.08
128,2020-02-18,71.57,1.55,1.365,14.83,7.35,4.36,15.28
129,2020-10-21,73.75,0.09,1.52,28.65,5.5,5.61,14.5
130,2020-02-28,72.18,1.58,1.271,40.11,4.2,4.47,14.46
131,2020-03-12,73.94,1.09,1.181,75.47,4.2,4.79,11.62
132,2020-11-17,74.49,0.09,1.42,22.71,5.5,5.33,15.31
133,2020-03-11,74.23,1.09,1.245,53.9,4.2,4.82,12.26
134,2020-11-27,73.95,0.08,1.4,20.84,7.61,5.34,14.82
135,2020-12-15,73.48,0.09,1.365,22.89,6.93,5.08,14.21
136,2021-01-07,73.4,0.09,1.5659999999999998,22.37,6.93,5.41,15.6
137,2021-01-19,73.11,0.09,1.663,23.24,4.59,5.36,16.1
138,2021-02-02,72.95,0.07,1.749,25.56,4.59,5.37,16.29
139,2020-05-18,75.88,0.05,1.067,29.3,4.0,5.86,10.8
140,2020-05-20,75.76,0.05,1.081,27.99,4.0,5.69,11.19
141,2021-02-16,72.95,0.08,1.729,21.46,4.06,5.37,16.73
142,2021-03-02,73.25,0.07,1.814,24.1,4.06,5.68,16.43
143,2020-06-04,75.4,0.06,1.185,25.81,4.0,5.12,11.73
144,2021-03-12,72.69,0.07,1.801,20.69,4.06,5.55,16.13
145,2020-06-12,75.96,0.08,1.158,36.09,4.0,5.05,11.87
146,2021-03-29,72.78,0.07,1.885,20.74,5.03,5.78,14.92
147,2021-04-08,74.62,0.07,1.905,16.95,5.03,5.57,15.18
148,2021-04-27,74.55,0.07,2.33,17.64,5.52,5.45,17.94
149,2020-07-08,74.95,0.09,1.36,28.08,4.0,5.34,12.08
150,2020-07-31,74.93,0.1,1.11,24.46,5.5,5.22,12.64
151,2020-08-12,74.82,0.1,1.217,22.28,5.5,5.38,12.84
152,2020-08-25,74.31,0.09,1.285,22.03,5.5,5.51,12.76
153,2020-09-03,73.48,0.09,1.306,33.6,5.5,5.29,12.07
154,2020-09-17,73.44,0.09,1.345,26.46,5.5,5.24,12.62
155,2020-10-09,72.96,0.09,1.4,25.0,5.5,5.53,14.23
156,2020-10-22,73.62,0.09,1.52,28.11,5.5,5.59,14.78
157,2020-11-04,74.31,0.09,1.35,29.57,5.5,5.66,14.65
158,2020-11-19,74.14,0.09,1.39,23.11,5.5,5.31,15.28
159,2020-12-01,73.53,0.08,1.35,20.77,7.61,5.21,14.51
160,2020-12-17,73.52,0.09,1.375,21.93,6.93,5.06,14.68
161,2020-12-29,73.74,0.09,1.51,23.08,6.93,5.21,15.04
162,2020-02-04,71.22,1.55,1.367,16.05,7.0,4.26,14.71
163,2021-01-12,73.14,0.09,1.591,23.33,6.93,5.32,15.46
164,2020-02-13,71.36,1.58,1.3430000000000002,14.15,4.2,4.34,15.16
165,2021-01-22,73.0,0.09,1.633,21.91,4.59,5.47,15.87
166,2020-02-25,71.76,1.58,1.3159999999999998,27.85,4.2,4.39,15.15
167,2021-02-05,72.79,0.08,1.72,20.87,4.59,5.37,16.42
168,2020-03-05,73.81,1.59,1.2570000000000001,39.62,4.2,4.61,13.42
169,2021-02-26,73.06,0.07,1.729,27.95,4.06,5.53,17.53
170,2020-03-25,75.45,0.15,0.9329999999999999,63.95,3.9,5.03,11.41
171,2021-03-11,72.69,0.07,1.801,21.91,4.06,5.54,16.36
172,2020-04-03,76.42,0.06,0.8640000000000001,46.8,3.9,5.35,10.31
173,2021-04-09,74.73,0.07,1.905,16.69,5.03,5.68,15.46
174,2020-04-29,75.83,0.04,0.9390000000000001,31.23,4.0,5.5,9.76
175,2021-04-29,74.16,0.07,2.33,17.28,5.52,5.34,17.08
176,2020-05-04,75.51,0.02,1.023,35.97,4.0,5.54,10.4
177,2021-05-11,73.4,0.06,2.34,19.66,5.52,5.22,18.1
178,2020-06-10,75.5,0.07,1.2,27.57,4.0,4.9,12.23
179,2020-06-18,76.23,0.09,1.23,32.94,4.0,5.38,11.89
180,2020-07-15,75.27,0.09,1.205,27.76,5.5,5.37,11.82
181,2020-07-24,74.96,0.09,1.17,25.84,5.5,5.21,11.49
182,2020-08-19,74.98,0.1,1.31,22.54,5.5,5.56,13.24
183,2020-09-01,73.07,0.09,1.365,26.12,5.5,5.4,12.6
184,2020-09-23,73.78,0.09,1.31,28.58,5.5,5.59,12.82
185,2020-10-15,73.39,0.09,1.43,26.97,5.5,5.61,14.18
186,2020-10-02,73.32,0.09,1.36,27.63,5.5,5.68,13.55
187,2020-10-23,73.83,0.09,1.495,27.55,5.5,5.62,14.72
188,2020-11-05,74.0,0.09,1.4,27.58,5.5,5.53,14.48
189,2020-11-06,73.98,0.09,1.36,24.86,5.5,5.36,14.91
190,2020-12-02,73.78,0.09,1.34,21.17,7.61,5.22,14.6
191,2020-12-16,73.51,0.09,1.365,22.5,6.93,5.08,14.49
192,2021-01-20,73.0,0.09,1.663,21.58,4.59,5.29,16.27
193,2021-02-03,72.94,0.08,1.749,22.91,4.59,5.35,16.04
194,2021-02-11,72.78,0.07,1.729,21.25,4.59,5.37,16.55
195,2021-02-24,72.33,0.07,1.729,21.34,4.06,5.41,18.16
196,2021-03-09,72.91,0.07,1.79,24.03,4.06,5.8,15.9
197,2021-03-23,72.62,0.07,1.7990000000000002,20.3,5.03,5.52,15.43
198,2021-04-20,75.37,0.07,2.16,17.29,5.52,5.57,16.77
199,2021-04-21,75.36,0.07,2.199,18.68,5.52,5.57,16.94
200,2020-01-29,71.46,1.55,1.3619999999999999,16.39,7.0,4.23,14.49
201,2020-02-06,71.21,1.55,1.3330000000000002,14.96,7.0,4.28,14.74
202,2020-02-27,71.96,1.58,1.271,39.16,4.2,4.49,14.39
203,2020-03-10,74.03,1.55,1.244,47.3,7.35,4.64,12.59
204,2020-03-24,76.14,0.2,0.922,61.67,3.9,5.1,11.27
205,2020-04-01,76.16,0.09,0.836,57.06,3.9,5.25,10.04
206,2020-04-16,76.85,0.05,0.97,40.11,4.0,5.24,10.16
207,2020-04-14,76.39,1.55,0.9440000000000001,37.76,7.35,5.2,10.05
208,2020-04-24,76.32,0.05,0.956,35.93,4.0,5.59,9.73
209,2020-05-01,75.41,0.04,1.008,37.19,4.0,5.49,10.97
210,2020-05-08,75.54,0.05,1.103,27.98,4.0,5.73,10.29
211,2020-05-15,75.88,0.05,1.067,31.89,4.0,5.86,10.38
212,2020-05-27,75.58,0.05,1.129,27.62,4.0,5.35,10.8
213,2020-06-03,75.51,1.55,1.147,25.66,7.35,5.06,11.62
214,2020-06-24,76.23,0.09,1.23,33.84,4.0,5.38,11.75
215,2020-06-30,75.52,0.08,1.205,30.43,4.0,5.46,11.84
216,2020-07-16,75.27,0.09,1.205,28.0,5.5,5.37,11.79
217,2020-07-29,74.86,0.1,1.11,24.1,5.5,5.17,12.01
218,2020-08-11,74.82,0.1,1.217,24.03,5.5,5.38,12.74
219,2020-09-02,73.37,0.09,1.306,26.57,5.5,5.34,12.44
220,2020-09-08,73.6,0.09,1.306,31.46,5.5,5.36,12.04
221,2020-09-25,73.7,0.09,1.29,26.38,5.5,5.56,13.0
222,2020-10-01,73.32,0.09,1.39,26.7,5.5,5.64,13.58
223,2020-10-30,74.55,0.09,1.38,38.02,5.5,5.74,14.36
224,2020-11-25,73.86,0.08,1.37,21.25,7.61,5.32,14.77
225,2020-12-22,73.85,0.09,1.45,24.23,6.93,5.16,14.54
226,2020-12-30,73.14,0.09,1.5230000000000001,22.77,6.93,5.19,15.28
227,2021-01-13,73.16,0.09,1.7380000000000002,22.21,6.93,5.3,15.84
228,2021-02-18,72.54,0.08,1.729,22.49,4.06,5.43,17.51
229,2021-03-04,73.08,0.07,1.76,28.57,4.06,5.67,16.26
230,2021-04-14,75.16,0.07,2.0,16.65,5.03,5.65,15.86
231,2021-05-04,73.78,0.05,2.44,18.61,5.52,5.44,17.12
232,2020-02-05,71.22,1.55,1.3519999999999999,15.15,7.0,4.24,14.73
233,2020-02-14,71.53,1.58,1.358,13.68,4.2,4.3,15.06
234,2020-02-26,71.65,1.58,1.3,27.56,4.2,4.45,14.79
235,2020-03-06,74.0,1.59,1.2409999999999999,41.94,4.2,4.63,13.02
236,2020-04-02,76.08,0.08,0.865,50.91,3.9,5.26,10.29
237,2020-04-17,76.5,0.05,0.993,38.15,4.0,5.23,10.37
238,2020-04-23,76.29,0.05,0.9540000000000001,41.38,4.0,5.54,9.84
239,2020-04-30,75.1,0.04,1.031,34.15,4.0,5.34,10.39
240,2020-05-07,75.38,0.05,1.094,31.44,4.0,5.83,10.33
241,2020-05-12,75.39,0.05,1.102,33.04,4.0,5.89,10.25
242,2020-06-09,75.5,1.55,1.2,27.57,7.35,4.9,12.0
243,2020-06-15,75.83,0.08,1.11,34.4,4.0,5.16,12.04
244,2020-06-26,75.63,0.08,1.11,34.73,4.0,5.48,11.55
245,2020-07-10,75.16,0.09,1.32,27.29,4.0,5.33,11.76
246,2020-07-22,74.66,0.1,1.107,24.32,5.5,5.12,11.86
247,2020-08-04,75.11,0.1,1.11,23.76,5.5,5.32,12.78
248,2020-08-14,74.86,0.1,1.23,22.05,5.5,5.37,13.1
249,2020-08-27,73.57,0.09,1.2790000000000001,24.47,5.5,5.57,12.77
250,2020-10-06,73.5,0.09,1.381,29.48,5.5,5.59,13.88
251,2020-11-03,74.86,0.09,1.38,35.55,5.5,5.76,14.72
252,2020-11-18,74.29,0.09,1.42,23.84,5.5,5.36,15.45
253,2020-12-11,73.74,0.09,1.375,23.31,7.61,5.07,14.43
254,2020-12-23,73.66,0.09,1.45,23.31,6.93,5.22,14.83
255,2021-01-06,73.11,0.09,1.5659999999999998,25.07,6.93,5.31,16.25
256,2021-01-29,72.91,0.08,1.749,33.09,4.59,5.46,15.83
257,2021-02-10,72.85,0.07,1.749,21.99,4.59,5.38,16.71
258,2021-02-23,72.37,0.07,1.729,23.11,4.06,5.44,18.41
259,2021-03-17,72.34,0.07,1.7990000000000002,19.23,5.03,5.58,15.99
260,2021-03-31,73.26,0.07,1.885,19.4,5.03,5.63,14.77
261,2021-05-07,73.25,0.06,2.34,18.39,5.52,5.24,17.49
262,2021-05-18,73.08,0.06,2.34,19.72,4.29,5.26,17.21
263,2017-05-04,64.32,0.91,1.501,10.46,2.0,3.1774,15.37
264,2017-09-19,64.29,1.16,1.538,10.18,3.0,3.1325,13.76
265,2018-02-08,64.38,1.42,1.403,33.46,4.0,3.2942,13.58
266,2018-06-27,68.84,1.91,1.4169999999999998,17.91,5.0,3.8624,11.72
267,2018-11-14,71.92,2.2,1.263,21.25,2.0,3.7843,12.65
268,2019-04-03,68.98,2.41,1.304,13.74,3.0,3.859,12.42
269,2019-08-21,71.93,2.12,1.338,15.8,3.0,4.0706,11.39
270,2020-01-08,71.47,1.55,1.334,13.45,7.0,4.09,13.47
271,2017-05-09,64.62,0.91,1.4609999999999999,9.96,2.0,3.1678,15.44
272,2017-09-26,65.72,1.16,1.515,10.17,3.0,3.1932,13.21
273,2018-02-14,63.9,1.42,1.486,19.26,4.0,3.2279,13.4
274,2018-07-06,68.81,1.91,1.439,13.37,4.0,3.8628,11.51
275,2019-04-16,69.43,2.41,1.3319999999999999,12.18,3.0,3.9382,12.51
276,2019-09-04,71.93,2.13,1.291,17.33,4.0,4.1094,11.01
277,2020-01-22,71.18,1.55,1.3430000000000002,12.91,7.0,4.18,14.66
278,2017-05-10,64.41,0.91,1.482,10.21,2.0,3.1403,15.84
279,2017-09-29,65.31,1.06,1.506,9.51,3.0,3.1619,13.54
280,2018-02-20,64.81,1.42,1.4769999999999999,20.6,4.0,3.2692,13.36
281,2018-07-13,68.5,1.91,1.401,12.18,4.0,3.8518,10.96
282,2018-11-30,69.65,2.2,1.2209999999999999,18.07,2.0,3.8669,12.84
283,2019-09-13,70.99,2.14,1.3559999999999999,13.74,4.0,4.0849,10.89
284,2020-03-20,74.94,0.25,1.042,66.04,3.9,5.1,10.91
285,2017-05-12,64.24,0.91,1.508,10.4,2.0,3.1218,15.51
286,2017-10-04,65.15,1.16,1.4380000000000002,9.63,4.0,3.1545,14.25
287,2018-02-27,65.21,1.42,1.469,18.59,4.0,3.2462,13.01
288,2018-07-19,68.74,1.91,1.429,12.87,4.0,3.7681,10.97
289,2018-12-11,71.84,2.19,1.255,21.76,2.0,3.8555,12.83
290,2019-09-25,70.96,1.9,1.444,15.96,4.0,4.1711,11.8
291,2017-05-16,64.13,0.91,1.456,10.65,2.0,3.138,15.88
292,2018-02-28,65.23,1.35,1.47,19.85,4.0,3.2515,13.48
293,2018-07-27,68.61,1.91,1.4369999999999998,13.03,4.0,3.7114,10.88
294,2018-12-19,69.98,2.2,1.229,25.58,2.0,3.8422,12.47
295,2019-05-14,70.25,2.38,1.329,18.06,3.0,4.0017,11.94
296,2017-05-19,64.57,0.91,1.483,12.04,2.0,3.2529,16.38
297,2017-10-13,64.7,1.16,1.431,9.61,4.0,3.1452,14.41
298,2018-03-08,65.13,1.42,1.51,16.54,4.0,3.2553,12.89
299,2018-08-03,68.55,1.91,1.43,11.64,4.0,3.708,10.85
300,2018-12-28,69.93,2.4,1.255,28.34,2.0,3.8813,12.39
301,2019-05-24,69.38,2.38,1.3969999999999998,15.85,3.0,4.0225,11.66
302,2019-10-18,71.09,1.85,1.4369999999999998,14.25,5.0,4.1117,12.32
303,2017-10-17,65.06,1.16,1.411,10.31,4.0,3.1711,14.03
304,2018-03-14,64.99,1.42,1.514,17.23,4.0,3.2862,12.76
305,2018-08-09,68.89,1.91,1.349,11.27,4.0,3.8596,10.84
306,2019-01-03,69.55,2.4,1.274,25.45,2.0,3.7155,11.69
307,2019-10-30,70.98,1.82,1.432,12.33,5.0,4.0184,12.41
308,2017-05-24,64.56,0.91,1.4980000000000002,10.02,2.0,3.2736,15.67
309,2017-10-20,65.04,1.16,1.386,9.97,4.0,3.1926,14.0
310,2018-03-21,65.11,1.44,1.4809999999999999,17.86,4.0,3.3159,12.67
311,2018-08-16,70.1,1.92,1.361,13.45,4.0,3.9116,10.3
312,2019-06-12,69.53,2.37,1.5490000000000002,15.91,3.0,3.8487,12.62
313,2017-10-25,64.84,1.16,1.389,11.23,4.0,3.2906,14.18
314,2018-08-24,69.97,1.92,1.3130000000000002,11.99,4.0,4.102,10.23
315,2019-01-22,71.19,2.4,1.27,20.8,2.0,3.7663,12.93
316,2019-06-21,69.62,2.38,1.575,15.4,3.0,3.8192,12.22
317,2019-11-21,71.79,1.55,1.435,13.13,6.0,4.1966,12.61
318,2017-05-26,64.51,0.91,1.52,9.81,2.0,3.2601,15.05
319,2017-05-31,64.48,0.83,1.5290000000000001,10.41,2.0,3.2506,14.87
320,2018-08-21,69.87,1.92,1.32,12.86,4.0,4.0425,10.17
321,2019-01-31,71.44,2.4,1.3030000000000002,16.57,2.0,3.6597,12.73
322,2019-07-03,68.53,2.41,1.483,12.57,3.0,3.8272,12.54
323,2017-06-01,64.42,0.91,1.554,9.89,2.0,3.2483,14.23
324,2018-04-06,64.93,1.69,1.4340000000000002,21.49,5.0,3.3697,12.34
325,2018-09-07,71.79,1.92,1.2919999999999998,14.88,4.0,4.0597,11.01
326,2019-07-12,68.56,2.38,1.594,12.39,3.0,3.7373,12.3
327,2017-06-06,64.44,0.91,1.5659999999999998,10.45,2.0,3.2695,13.98
328,2017-06-07,64.25,0.91,1.5430000000000001,10.39,2.0,3.2617,14.14
329,2017-11-07,64.92,1.16,1.446,9.89,5.0,3.2548,14.72
330,2018-04-12,65.26,1.69,1.4880000000000002,18.49,5.0,3.4223,12.05
331,2019-02-19,71.01,2.4,1.327,14.88,3.0,3.7277,13.35
332,2019-07-24,69.04,2.4,1.472,12.07,3.0,3.779,12.06
333,2017-06-08,64.25,0.91,1.55,10.16,2.0,3.2971,14.34
334,2017-11-14,65.27,1.16,1.4080000000000001,11.59,5.0,3.3133,15.1
335,2018-04-19,66.21,1.69,1.499,15.96,5.0,3.4130000000000003,11.75
336,2018-09-25,72.6,1.93,1.273,12.42,4.0,4.0322,10.36
337,2019-02-27,70.84,2.4,1.327,14.7,3.0,3.7514,12.91
338,2019-08-02,69.7,2.14,1.445,17.61,3.0,3.8893,12.02
339,2020-01-07,72.0,1.55,1.335,13.79,7.0,4.06,13.59
340,2017-01-04,67.74,0.66,1.507,11.85,3.0,3.1991,20.89
341,2017-06-13,64.24,0.91,1.5490000000000002,10.42,2.0,3.2742,13.79
342,2018-04-26,66.62,1.7,1.4480000000000002,16.24,5.0,3.4568,10.97
343,2019-03-08,70.01,2.4,1.2990000000000002,16.05,3.0,3.8668,12.18
344,2019-08-14,71.28,2.12,1.268,22.1,3.0,3.991,11.61
345,2020-01-17,71.04,1.55,1.349,12.1,7.0,4.16,14.45
346,2017-01-05,68.12,0.66,1.551,11.67,3.0,3.2241,20.78
347,2017-06-15,64.47,1.16,1.571,10.9,2.0,3.2933,13.47
348,2017-11-16,65.02,1.16,1.415,11.76,5.0,3.2574,15.26
349,2018-05-02,66.67,1.7,1.429,15.97,5.0,3.5282,11.75
350,2019-08-23,71.51,2.12,1.317,19.87,3.0,4.1198,11.47
351,2020-03-13,73.94,1.09,1.181,57.83,4.2,4.79,11.7
352,2017-01-06,68.12,0.66,1.551,11.32,3.0,3.2241,20.75
353,2017-06-20,64.53,1.16,1.515,10.86,2.0,3.3363,13.61
354,2018-10-12,73.61,2.18,1.3090000000000002,21.31,3.0,3.783,13.07
355,2019-03-26,69.1,2.4,1.3730000000000002,14.68,3.0,3.9935,12.59
356,2019-08-28,71.69,2.12,1.34,19.35,3.0,4.1688,11.37
357,2020-06-02,75.52,0.05,1.138,26.84,4.0,5.33,11.22
358,2017-06-21,64.61,1.16,1.4980000000000002,10.75,2.0,3.3425,13.06
359,2017-12-01,64.52,1.16,1.35,11.43,5.0,3.2581,14.98
360,2019-03-22,69.17,2.41,1.419,16.48,3.0,3.9071,12.57
361,2017-01-03,67.89,0.66,1.507,12.85,3.0,3.2163,20.51
362,2017-06-23,64.51,1.16,1.4909999999999999,10.02,2.0,3.343,12.97
363,2017-12-05,64.53,1.16,1.317,11.33,5.0,3.2357,14.9
364,2018-05-18,67.99,1.7,1.464,13.42,5.0,3.737,11.66
365,2018-10-30,73.96,2.2,1.262,23.35,3.0,3.722,13.32
366,2019-04-11,69.19,2.41,1.33,13.02,3.0,3.8819,12.66
367,2019-09-26,70.51,1.85,1.4769999999999999,16.07,4.0,4.1602,11.63
368,2017-01-10,68.31,0.66,1.492,11.49,3.0,3.1975,20.48
369,2017-06-27,64.53,1.16,1.472,11.06,2.0,3.2805,12.65
370,2017-12-08,64.48,1.16,1.329,9.58,5.0,3.2919,14.05
371,2018-05-24,67.73,1.7,1.501,12.53,5.0,3.6524,12.38
372,2018-11-06,72.45,2.2,1.276,19.91,2.0,3.7318,12.96
373,2019-04-23,69.96,2.44,1.3030000000000002,12.28,3.0,3.9927,12.7
374,2019-10-08,71.12,1.82,1.496,20.28,5.0,4.1104,12.46
375,2017-01-11,68.14,0.66,1.475,11.26,3.0,3.1881,20.56
376,2017-06-30,64.62,1.06,1.5090000000000001,11.18,2.0,3.3072,13.68
377,2017-12-13,64.34,1.17,1.274,10.18,5.0,3.3419,13.85
378,2018-05-29,67.44,1.7,1.46,17.02,5.0,3.7241,12.46
379,2019-05-01,69.41,2.45,1.319,14.8,3.0,3.9661,12.21
380,2019-10-17,71.09,1.85,1.4369999999999998,13.79,5.0,4.1117,12.24
381,2017-01-12,68.18,0.66,1.476,11.54,3.0,3.2213,20.76
382,2017-12-19,64.12,1.42,1.285,10.03,5.0,3.2979,14.41
383,2018-11-21,70.69,2.2,1.2790000000000001,20.8,2.0,3.7976,12.68
384,2019-05-03,69.1,2.4,1.319,12.87,3.0,3.9382,12.01
385,2019-10-29,70.95,1.82,1.411,13.2,5.0,3.9909,12.34
386,2017-07-05,64.73,1.16,1.511,11.07,2.0,3.2962,13.72
387,2017-12-21,64.02,1.42,1.306,9.62,5.0,3.3369999999999997,14.77
388,2018-06-12,67.65,1.7,1.4369999999999998,12.34,5.0,3.7201,12.35
389,2018-11-29,69.65,2.2,1.2209999999999999,18.79,2.0,3.8669,12.87
390,2019-11-12,72.15,1.55,1.412,12.68,6.0,4.1704,12.59
391,2017-01-13,68.18,0.66,1.476,11.23,3.0,3.2213,20.52
392,2017-12-26,64.12,1.42,1.296,10.25,5.0,3.315,14.7
393,2018-06-15,68.06,1.9,1.4169999999999998,11.98,5.0,3.7296,12.02
394,2018-12-07,70.86,2.19,1.238,23.23,2.0,3.9075,12.87
395,2019-05-31,69.58,2.4,1.517,18.71,3.0,3.9228,12.1
396,2019-11-22,71.79,1.55,1.435,12.34,6.0,4.1966,12.83
397,2017-01-17,68.22,0.66,1.5030000000000001,11.87,3.0,3.2309,20.73
398,2017-07-12,64.46,1.16,1.5119999999999998,10.3,2.0,3.2138,13.49
399,2017-07-06,64.63,1.16,1.518,12.54,2.0,3.2813,13.92
400,2018-06-20,67.95,1.92,1.42,12.79,5.0,3.7691,11.89
401,2019-06-11,69.38,2.37,1.5119999999999998,15.99,3.0,3.8672,12.54
402,2019-12-04,71.25,1.55,1.374,14.8,7.0,4.186,13.06
403,2017-01-18,68.1,0.66,1.475,12.48,3.0,3.1965,20.98
404,2017-07-13,64.42,1.16,1.538,9.9,2.0,3.1799,14.14
405,2018-01-04,63.34,1.42,1.315,9.22,5.0,3.2292,15.25
406,2018-06-29,68.46,1.91,1.425,16.09,5.0,3.8771,11.86
407,2018-12-27,69.93,2.4,1.255,29.96,2.0,3.8813,12.25
408,2019-12-18,71.09,1.55,1.369,12.58,7.0,4.07,13.43
409,2017-01-19,68.08,0.66,1.49,12.78,3.0,3.1689999999999996,20.18
410,2017-07-18,64.27,1.16,1.54,9.89,2.0,3.1489999999999996,14.1
411,2018-01-09,63.63,1.42,1.324,10.08,5.0,3.2283,14.73
412,2019-01-04,69.55,2.4,1.274,21.38,2.0,3.7155,11.93
413,2019-12-27,71.43,1.55,1.42,13.43,7.0,4.05,13.54
414,2017-07-20,64.39,1.16,1.5190000000000001,9.58,2.0,3.1418,14.41
415,2018-01-10,63.69,1.42,1.347,9.82,5.0,3.2155,14.65
416,2018-07-03,68.69,1.91,1.403,16.14,4.0,3.8975,11.39
417,2019-01-11,70.4,2.4,1.287,18.19,2.0,3.7113,12.78
418,2019-07-11,68.56,2.4,1.594,12.93,3.0,3.7373,12.38
419,2020-01-09,71.12,1.55,1.344,12.54,7.0,4.1,13.71
420,2017-01-20,68.08,0.66,1.49,11.54,3.0,3.1689999999999996,20.18
421,2017-07-25,64.36,1.16,1.52,9.43,2.0,3.1387,13.9
422,2018-01-17,63.87,1.42,1.341,11.91,5.0,3.2065,13.42
423,2018-07-20,68.74,1.91,1.429,12.86,4.0,3.7681,11.12
424,2019-01-18,71.21,2.4,1.2790000000000001,17.8,2.0,3.7517,13.03
425,2019-07-23,68.98,2.4,1.482,12.61,3.0,3.7736,11.98
426,2020-01-21,71.19,1.55,1.341,12.85,7.0,4.21,14.55
427,2017-01-24,67.99,0.66,1.4409999999999998,11.07,3.0,3.1702,20.58
428,2017-07-26,64.13,1.16,1.53,9.6,2.0,3.153,14.23
429,2019-01-30,70.96,2.4,1.2790000000000001,17.66,2.0,3.6439999999999997,12.53
430,2019-07-31,69.02,2.4,1.4369999999999998,16.12,3.0,3.8403,12.21
431,2017-01-26,68.11,0.66,1.476,10.63,3.0,3.141,20.36
432,2018-01-26,63.52,1.42,1.361,11.08,5.0,3.1510000000000002,13.36
433,2018-07-25,68.66,1.91,1.445,12.29,4.0,3.7462,11.19
434,2019-02-06,71.3,2.4,1.2930000000000001,15.38,3.0,3.7167,12.9
435,2020-06-08,75.4,0.06,1.185,25.81,4.0,5.12,11.94
436,2017-01-25,67.99,0.66,1.4609999999999999,10.81,3.0,3.178,20.34
437,2017-07-27,64.12,1.16,1.541,10.11,2.0,3.1319,14.43
438,2018-01-31,63.98,1.34,1.426,13.54,5.0,3.1669,13.23
439,2018-08-10,68.89,1.91,1.349,13.16,4.0,3.8596,10.54
440,2019-02-15,71.33,2.4,1.329,14.91,3.0,3.7008,13.14
441,2019-08-08,70.92,2.12,1.442,16.91,3.0,3.9416,11.43
442,2017-01-27,68.11,0.66,1.476,10.58,3.0,3.141,20.33
443,2017-08-04,63.68,1.16,1.5759999999999998,10.03,3.0,3.1313,14.14
444,2018-02-02,64.13,1.42,1.463,17.31,4.0,3.2181,13.63
445,2018-08-17,70.1,1.92,1.361,12.64,4.0,3.9116,10.18
446,2018-02-09,64.38,1.42,1.403,29.06,4.0,3.2942,13.67
447,2019-03-05,70.08,2.4,1.344,14.74,3.0,3.8401,12.44
448,2019-09-11,70.97,2.13,1.3459999999999999,14.61,4.0,4.0608,10.81
449,2017-01-31,67.42,0.56,1.4809999999999999,11.99,3.0,3.1295,20.45
450,2017-08-09,64.1,1.16,1.55,11.11,3.0,3.1757,13.64
451,2018-02-13,64.1,1.42,1.454,24.97,4.0,3.2174,13.48
452,2018-08-31,71.01,1.91,1.28,12.86,4.0,4.0556,10.6
453,2019-03-12,69.53,2.4,1.33,13.77,3.0,3.8147,12.33
454,2019-09-24,70.99,1.9,1.435,17.05,4.0,4.149,11.5
455,2017-02-01,67.21,0.66,1.489,11.81,4.0,3.1239999999999997,20.84
456,2017-08-11,64.14,1.16,1.575,15.51,3.0,3.1938,13.2
457,2018-09-06,71.79,1.92,1.2919999999999998,14.65,4.0,4.0597,10.8
458,2019-03-20,68.81,2.41,1.4080000000000001,13.91,3.0,3.793,12.74
459,2019-10-03,70.83,1.83,1.3880000000000001,19.12,5.0,4.0556,12.74
460,2017-02-02,67.18,0.66,1.489,11.93,4.0,3.1176,20.55
461,2017-08-17,64.1,1.16,1.507,15.55,3.0,3.1465,13.29
462,2018-02-21,64.98,1.42,1.4869999999999999,20.02,4.0,3.2502,13.38
463,2018-09-18,72.36,1.92,1.255,12.79,4.0,4.1315,10.52
464,2019-10-15,71.36,1.9,1.422,13.54,5.0,4.1518,12.59
465,2019-04-09,69.15,2.41,1.327,14.28,3.0,3.8251,12.78
466,2017-02-07,67.05,0.66,1.604,11.29,4.0,3.1175,20.72
467,2017-08-23,64.05,1.16,1.51,12.25,3.0,3.1481,13.67
468,2018-03-09,65.13,1.42,1.51,14.64,4.0,3.2553,12.84
469,2018-09-28,72.51,2.18,1.285,12.12,4.0,4.0491,10.42
470,2019-11-08,71.36,1.55,1.4180000000000001,12.07,6.0,4.1635,12.57
471,2017-02-03,67.18,0.66,1.489,10.97,4.0,3.1176,21.11
472,2017-08-24,64.01,1.16,1.5,12.23,3.0,3.1603,14.02
473,2018-03-16,64.99,1.43,1.493,15.8,4.0,3.2811,12.65
474,2018-10-05,73.77,2.18,1.32,14.82,3.0,3.8413,12.63
475,2019-04-26,69.85,2.44,1.3419999999999999,12.73,3.0,3.9293,12.26
476,2019-11-19,71.75,1.55,1.405,12.86,6.0,4.1965,12.69
477,2017-02-08,66.77,0.66,1.589,11.45,4.0,3.1301,20.76
478,2018-03-22,64.99,1.68,1.4509999999999998,23.34,4.0,3.3123,12.77
479,2019-05-09,70.02,2.38,1.3,19.1,3.0,3.9572,11.78
480,2019-11-29,71.75,1.56,1.47,12.62,6.0,4.2367,12.94
481,2017-02-09,66.85,0.66,1.601,10.88,4.0,3.1157,20.65
482,2017-08-31,64.03,1.07,1.556,10.59,3.0,3.1416,14.4
483,2018-03-27,65.16,1.68,1.425,22.5,4.0,3.3205,12.54
484,2018-10-19,73.38,2.19,1.2590000000000001,19.89,3.0,3.7149,13.89
485,2019-05-16,70.28,2.39,1.364,15.29,3.0,4.0999,11.78
486,2019-12-12,70.65,1.55,1.344,13.94,7.0,4.09,13.52
487,2017-02-10,66.85,0.66,1.601,10.85,4.0,3.1157,20.42
488,2017-08-30,63.94,1.16,1.547,11.22,3.0,3.1479,13.91
489,2018-03-29,65.12,1.68,1.454,19.97,4.0,3.306,12.35
490,2019-05-28,69.85,2.39,1.47,17.5,3.0,3.9747,11.75
491,2017-02-14,66.88,0.66,1.5530000000000002,10.74,4.0,3.0575,20.47
492,2017-09-05,64.06,1.16,1.56,12.23,3.0,3.1004,14.03
493,2018-04-05,64.93,1.69,1.4340000000000002,18.94,5.0,3.3697,12.35
494,2018-11-02,72.44,2.19,1.3019999999999998,19.51,2.0,3.6968,13.44
495,2019-06-06,69.36,2.37,1.482,15.93,3.0,3.8789,12.51
496,2020-01-02,71.57,1.55,1.3630000000000002,12.47,7.0,4.07,13.13
497,2017-02-15,67.08,0.66,1.541,11.97,4.0,3.0892,20.48
498,2017-09-06,64.02,1.16,1.526,11.63,3.0,3.0993,14.29
499,2018-04-11,65.29,1.69,1.4980000000000002,20.24,5.0,3.4133,12.06
500,2018-11-09,72.48,2.19,1.255,17.36,2.0,3.7335,12.73
501,2020-01-15,70.82,1.55,1.359,12.42,7.0,4.18,14.52
502,2017-02-16,67.08,0.66,1.52,11.76,4.0,3.1048,20.36
503,2018-04-17,65.72,1.69,1.5019999999999998,15.25,5.0,3.3805,11.65
504,2018-11-20,71.31,2.2,1.2790000000000001,22.48,2.0,3.7976,12.46
505,2019-06-26,69.09,2.38,1.561,16.21,3.0,3.8196,12.03
506,2017-02-17,67.08,0.66,1.52,11.49,4.0,3.1048,20.3
507,2017-09-13,64.12,1.16,1.545,10.5,3.0,3.1189999999999998,14.33
508,2018-04-24,66.92,1.7,1.472,18.02,5.0,3.485,11.14
509,2018-11-28,69.78,2.2,1.2,18.49,2.0,3.8527,12.84
510,2020-04-08,75.88,0.05,0.866,43.35,3.9,5.22,10.37
511,2019-07-16,68.85,2.41,1.4780000000000002,12.86,3.0,3.7641,11.99
512,2017-02-21,66.95,0.66,1.504,11.57,4.0,3.0639999999999996,20.8
513,2017-09-20,64.81,1.16,1.511,9.78,3.0,3.1377,14.07
514,2017-09-22,64.8,1.16,1.514,9.59,3.0,3.125,13.98
515,2018-05-04,66.82,1.7,1.4980000000000002,14.77,5.0,3.5303,11.51
516,2018-12-13,71.92,2.19,1.258,20.65,2.0,3.9171,12.75
517,2019-07-26,68.88,2.4,1.469,12.16,3.0,3.7761,12.02
518,2017-09-21,64.8,1.16,1.514,9.67,3.0,3.125,14.05
519,2018-05-11,67.36,1.7,1.459,12.65,5.0,3.5999,11.22
520,2019-08-06,71.15,2.13,1.419,20.17,3.0,3.9691,11.73
521,2017-02-22,66.69,0.66,1.506,11.74,4.0,3.0595,20.71
522,2017-09-28,65.31,1.16,1.506,9.55,3.0,3.1619,13.23
523,2018-05-17,67.99,1.7,1.464,13.43,5.0,3.737,11.56
524,2019-01-02,70.11,2.4,1.274,23.22,2.0,3.7565,11.93
525,2019-08-16,71.16,2.13,1.3030000000000002,18.47,3.0,4.0058,11.64
526,2017-02-23,66.65,0.66,1.504,11.71,4.0,3.111,20.16
527,2018-05-22,68.37,1.7,1.504,13.22,5.0,3.6288,12.15
528,2019-01-09,70.42,2.4,1.27,19.98,2.0,3.7105,12.87
529,2019-08-27,71.83,2.12,1.329,20.31,3.0,4.1682,11.24
530,2017-02-24,66.65,0.66,1.504,11.47,4.0,3.111,19.8
531,2017-10-06,65.4,1.16,1.42,9.65,4.0,3.1561,13.98
532,2019-01-17,71.21,2.4,1.2790000000000001,18.06,2.0,3.7517,12.85
533,2019-09-06,71.65,2.12,1.304,15.0,4.0,4.0618,11.02
534,2017-02-28,66.87,0.57,1.521,12.92,4.0,3.09,19.31
535,2017-10-11,65.06,1.16,1.426,9.85,4.0,3.1705,14.3
536,2018-06-01,67.0,1.7,1.462,13.46,5.0,3.7633,12.52
537,2019-01-25,70.9,2.4,1.274,17.42,2.0,3.7708,12.44
538,2019-09-19,71.08,1.9,1.3619999999999999,14.05,4.0,4.148,10.99
539,2017-03-01,66.79,0.66,1.4769999999999999,12.54,4.0,3.1565,19.48
540,2018-06-08,67.53,1.7,1.4469999999999998,12.18,5.0,3.7094,12.25
541,2019-02-01,71.44,2.4,1.3030000000000002,16.14,3.0,3.6597,12.6
542,2017-03-02,66.78,0.66,1.4769999999999999,11.81,4.0,3.1158,19.66
543,2017-10-19,65.04,1.16,1.386,10.05,4.0,3.1926,14.13
544,2018-06-06,67.42,1.7,1.446,11.64,5.0,3.9078,12.2
545,2019-02-13,71.02,2.4,1.3259999999999998,15.65,3.0,3.7233,12.75
546,2019-10-10,70.92,1.82,1.507,17.57,5.0,4.1097,12.41
547,2017-03-03,66.78,0.66,1.4769999999999999,10.96,4.0,3.1158,19.52
548,2018-06-21,67.87,1.92,1.4180000000000001,14.64,5.0,3.786,11.87
549,2019-02-21,71.04,2.4,1.3459999999999999,14.46,3.0,3.7485,13.24
550,2019-10-22,70.73,1.85,1.431,14.46,5.0,4.0346,12.18
551,2017-10-27,65.04,1.16,1.395,9.8,4.0,3.2363,14.63
552,2018-06-26,68.64,1.92,1.415,15.92,5.0,3.8628,12.12
553,2019-02-28,71.0,2.4,1.338,14.78,3.0,3.7752,12.73
554,2019-11-01,70.76,1.57,1.4509999999999998,12.3,6.0,3.9903,12.48
555,2017-11-01,64.58,1.16,1.42,10.2,5.0,3.2680000000000002,14.61
556,2019-11-05,71.01,1.56,1.3730000000000002,13.1,6.0,4.0836,12.71
557,2017-03-07,66.77,0.66,1.485,11.45,4.0,3.1631,18.4
558,2017-11-02,64.56,1.16,1.42,9.93,5.0,3.3144,14.23
559,2018-07-11,68.52,1.91,1.411,13.63,4.0,3.8822,11.29
560,2019-03-15,68.96,2.4,1.382,12.88,3.0,3.8144,12.52
561,2019-11-26,71.26,1.55,1.47,11.54,6.0,4.2638,12.78
562,2017-03-08,66.69,0.66,1.4880000000000002,11.86,4.0,3.1932,18.4
563,2017-11-09,65.19,1.16,1.456,10.5,5.0,3.2779,14.88
564,2018-07-17,68.63,1.91,1.412,12.06,4.0,3.8512,11.13
565,2019-03-27,69.19,2.41,1.38,15.15,3.0,3.9010000000000002,12.58
566,2019-12-05,71.28,1.55,1.375,14.52,7.0,4.1414,13.08
567,2017-03-09,66.56,0.66,1.52,12.3,4.0,3.1395,18.0
568,2018-07-24,68.73,1.91,1.425,12.41,4.0,3.6886,11.19
569,2019-04-04,69.17,2.41,1.3019999999999998,13.58,3.0,3.8735,12.71
570,2019-12-17,71.09,1.55,1.369,12.29,7.0,4.07,13.27
571,2017-03-10,66.56,0.66,1.52,11.66,4.0,3.1395,18.22
572,2017-11-17,65.02,1.16,1.415,11.43,5.0,3.2574,15.37
573,2017-11-21,64.88,1.16,1.3969999999999998,9.73,5.0,3.2243,14.88
574,2018-08-01,68.63,1.91,1.43,13.15,4.0,3.7503,10.48
575,2019-04-12,69.19,2.41,1.33,12.01,3.0,3.8819,12.77
576,2019-12-26,71.3,1.55,1.42,12.65,7.0,4.05,13.44
577,2017-03-14,65.63,0.66,1.536,12.3,4.0,3.1037,18.16
578,2017-11-24,64.68,1.16,1.371,9.67,5.0,3.233,15.45
579,2018-08-08,68.76,1.91,1.37,10.85,4.0,3.8015,10.81
580,2019-04-25,69.85,2.44,1.3419999999999999,13.25,3.0,3.9293,12.36
581,2020-01-10,70.99,1.55,1.3619999999999999,12.56,7.0,4.1,14.07
582,2017-03-15,65.39,0.66,1.556,11.63,4.0,3.1185,18.23
583,2017-11-28,64.36,1.16,1.3519999999999999,10.03,5.0,3.2461,15.04
584,2017-11-29,64.49,1.16,1.3430000000000002,10.7,5.0,3.2727,15.07
585,2018-08-15,70.09,1.91,1.367,14.64,4.0,3.9072,10.23
586,2019-05-07,69.72,2.4,1.324,19.32,3.0,3.9285,11.95
587,2020-01-23,71.27,1.55,1.354,12.98,7.0,4.17,14.57
588,2017-11-30,64.52,1.07,1.35,11.28,5.0,3.2581,15.08
589,2018-08-28,70.54,1.92,1.258,12.5,4.0,4.1074,10.31
590,2019-05-17,70.28,2.39,1.364,15.96,3.0,4.0999,11.55
591,2020-03-26,75.45,0.12,0.9329999999999999,61.0,3.9,5.03,11.33
592,2017-03-16,65.48,0.91,1.541,11.21,4.0,3.0918,18.25
593,2017-12-07,64.48,1.16,1.329,10.16,5.0,3.2919,14.31
594,2017-12-12,64.46,1.17,1.295,9.92,5.0,3.31,13.77
595,2018-09-11,72.16,1.92,1.265,13.22,4.0,4.1579,11.18
596,2019-06-05,69.17,2.38,1.4880000000000002,16.09,3.0,3.8798,12.21
597,2017-03-21,65.46,0.91,1.537,12.47,4.0,3.088,17.29
598,2018-09-14,71.88,1.92,1.281,12.07,4.0,4.1742,11.16
599,2019-06-14,69.83,2.36,1.61,15.28,3.0,3.8958,12.75
600,2019-06-18,69.65,2.37,1.5630000000000002,15.15,3.0,3.839,12.61
601,2017-03-22,65.46,0.91,1.537,12.81,4.0,3.1395,17.3
602,2017-12-14,64.08,1.41,1.262,10.49,5.0,3.2947,13.77
603,2018-09-20,72.24,1.92,1.251,11.8,4.0,4.0516,10.8
604,2019-06-28,68.95,2.4,1.505,15.08,3.0,3.852,12.32
605,2017-03-23,65.43,0.91,1.557,13.12,4.0,3.1086,17.6
606,2018-09-21,72.24,1.92,1.251,11.68,4.0,4.0516,10.84
607,2019-06-27,68.95,2.38,1.505,15.82,3.0,3.852,12.53
608,2017-03-24,65.43,0.91,1.557,12.96,4.0,3.1086,17.71
609,2017-12-29,63.84,1.33,1.32,11.04,5.0,3.3125,15.16
610,2018-10-04,73.77,2.18,1.32,14.22,3.0,3.8413,12.33
611,2019-07-18,68.86,2.41,1.472,13.53,3.0,3.7494,11.55
612,2017-12-27,64.08,1.42,1.307,10.47,5.0,3.3125,14.93
613,2018-10-11,73.61,2.18,1.3090000000000002,24.98,3.0,3.783,12.92
614,2019-07-17,68.86,2.41,1.4469999999999998,13.97,3.0,3.7193,11.79
615,2017-03-17,65.48,0.91,1.541,11.28,4.0,3.0918,18.17
616,2018-01-05,63.34,1.42,1.315,9.22,5.0,3.2292,15.08
617,2018-10-18,73.38,2.19,1.2590000000000001,20.06,3.0,3.7149,13.87
618,2017-03-28,64.88,0.91,1.5659999999999998,11.53,4.0,3.1199,17.56
619,2018-01-11,63.61,1.42,1.357,9.88,5.0,3.2064,14.18
620,2018-10-26,73.46,2.2,1.2770000000000001,24.16,3.0,3.6429,13.84
621,2019-08-15,71.16,2.12,1.3030000000000002,21.18,3.0,4.0058,11.63
622,2017-03-29,64.86,0.91,1.585,11.42,4.0,3.1496,17.12
623,2018-11-01,72.44,2.2,1.3019999999999998,19.34,2.0,3.6968,13.19
624,2017-03-31,64.86,0.82,1.614,12.37,4.0,3.1233,16.76
625,2018-01-19,63.83,1.42,1.3319999999999999,11.27,5.0,3.1962,13.25
626,2018-11-08,72.48,2.2,1.255,16.72,2.0,3.7335,12.84
627,2019-09-05,71.65,2.13,1.304,16.27,4.0,4.0618,10.97
628,2017-03-30,64.86,0.91,1.614,11.54,4.0,3.1233,16.81
629,2018-01-23,63.66,1.42,1.349,11.1,5.0,3.1465,13.19
630,2018-11-16,71.98,2.2,1.264,18.14,2.0,3.7435,12.69
631,2019-09-18,71.38,2.25,1.374,13.95,4.0,4.1678,11.0
632,2018-11-27,70.64,2.2,1.214,19.02,2.0,3.8510000000000004,12.34
633,2019-09-27,70.51,1.83,1.4769999999999999,17.22,4.0,4.1602,11.53
634,2017-04-05,64.61,0.91,1.61,12.89,3.0,3.1427,16.1
635,2018-02-01,64.13,1.42,1.463,13.47,4.0,3.2181,13.37
636,2018-12-04,70.56,2.2,1.235,20.74,2.0,3.8686,12.75
637,2019-10-09,70.99,1.82,1.4709999999999999,18.64,5.0,4.1095,12.41
638,2017-04-04,64.88,0.91,1.649,11.79,3.0,3.1203,16.16
639,2018-02-06,64.28,1.42,1.4080000000000001,29.98,4.0,3.2714,13.84
640,2018-12-12,71.53,2.19,1.25,21.46,2.0,3.8911,12.74
641,2017-04-06,64.27,0.91,1.629,12.39,3.0,3.1462,16.45
642,2017-04-07,64.27,0.91,1.629,12.87,3.0,3.1462,16.77
643,2018-02-16,64.22,1.42,1.484,19.46,4.0,3.2312,13.38
644,2019-11-15,71.65,1.55,1.43,12.05,6.0,4.1962,12.73
645,2018-02-23,64.71,1.42,1.4709999999999999,16.49,4.0,3.2379,13.68
646,2019-01-08,70.56,2.4,1.281,20.47,2.0,3.6807,12.76
647,2019-11-27,71.51,1.55,1.47,11.75,6.0,4.2638,12.79
648,2017-04-11,64.69,0.91,1.672,15.07,3.0,3.1258,16.72
649,2018-03-01,65.22,1.42,1.4580000000000002,22.47,4.0,3.2528,13.71
650,2019-01-16,71.05,2.4,1.2690000000000001,19.04,2.0,3.7504,13.17
651,2017-04-12,64.45,0.91,1.671,15.77,3.0,3.1444,16.7
652,2018-03-06,64.88,1.42,1.515,18.36,4.0,3.2454,13.45
653,2019-01-24,70.9,2.4,1.274,18.89,2.0,3.7708,12.98
654,2019-12-20,71.09,1.55,1.369,12.51,7.0,4.07,13.54
655,2019-02-12,70.88,2.4,1.341,15.43,3.0,3.7544,12.85
656,2017-04-18,64.67,0.91,1.617,14.42,3.0,3.1522,16.7
657,2018-03-15,64.99,1.43,1.493,16.59,4.0,3.2811,12.74
658,2019-02-20,71.17,2.4,1.344,14.02,3.0,3.7696,13.44
659,2017-04-19,64.62,0.91,1.62,14.93,3.0,3.1486,16.42
660,2018-03-28,65.12,1.68,1.454,22.87,4.0,3.306,12.21
661,2019-02-07,71.18,2.4,1.308,16.37,3.0,3.7292,12.73
662,2020-01-24,71.33,1.55,1.335,14.56,7.0,4.18,14.39
663,2017-04-20,64.65,0.91,1.624,14.15,3.0,3.1482,16.33
664,2018-04-03,65.05,1.69,1.405,21.1,5.0,3.3297,12.47
665,2019-03-07,70.01,2.4,1.2990000000000002,16.59,3.0,3.8668,12.14
666,2017-04-13,64.45,0.91,1.671,15.96,3.0,3.1444,16.6
667,2019-03-14,68.96,2.4,1.382,13.5,3.0,3.8144,12.41
668,2017-04-21,64.65,0.91,1.624,14.63,3.0,3.1482,16.41
669,2018-04-13,65.26,1.69,1.4880000000000002,17.41,5.0,3.4223,12.08
670,2018-04-18,65.87,1.69,1.508,15.6,5.0,3.3885,11.74
671,2019-04-02,68.45,2.41,1.31,13.36,3.0,3.87,12.66
672,2017-04-25,64.13,0.91,1.595,10.76,3.0,3.1723,16.18
673,2018-04-25,66.81,1.7,1.465,17.84,5.0,3.4755,10.86
674,2019-04-10,69.02,2.41,1.337,13.3,3.0,3.8582,12.81
675,2017-04-26,64.12,0.91,1.5919999999999999,10.85,3.0,3.1835,15.38
676,2018-05-01,66.69,1.7,1.429,15.49,5.0,3.5518,11.69
677,2017-04-27,64.29,0.91,1.558,10.36,3.0,3.1766,15.18
678,2018-05-03,66.82,1.7,1.4980000000000002,15.9,5.0,3.5303,11.69
679,2019-04-30,69.55,2.45,1.3119999999999998,13.12,3.0,3.9202,11.99
680,2017-04-28,64.29,0.83,1.558,10.82,3.0,3.1766,16.04
681,2018-05-09,67.25,1.7,1.464,13.42,5.0,3.5502,11.29
682,2019-05-10,70.02,2.38,1.3,16.04,3.0,3.9572,11.72
683,2018-05-16,67.77,1.7,1.456,13.42,5.0,3.6966,11.61
684,2019-05-21,69.65,2.39,1.367,14.95,3.0,4.0403,11.81
685,2017-05-02,64.17,0.91,1.535,10.59,2.0,3.1652,15.88
686,2019-05-29,69.83,2.39,1.52,17.9,3.0,3.9818,11.87
687,2017-05-05,64.32,0.91,1.501,10.57,2.0,3.1774,15.31
688,2018-05-25,67.73,1.7,1.501,13.22,5.0,3.6524,12.46
689,2019-06-07,69.36,2.37,1.482,16.3,3.0,3.8789,12.5
690,2018-05-30,67.43,1.7,1.462,14.94,5.0,3.7235,12.6
691,2019-06-19,69.52,2.37,1.5919999999999999,14.33,3.0,3.839,12.5
692,2017-05-03,64.22,0.91,1.4680000000000002,10.68,2.0,3.1885,15.77
693,2018-06-07,67.53,1.7,1.4469999999999998,12.13,5.0,3.7094,11.73
694,2017-05-11,64.24,0.91,1.508,10.6,2.0,3.1218,15.63
695,2018-06-14,68.06,1.9,1.4169999999999998,12.12,5.0,3.7296,12.23
696,2019-07-09,68.42,2.41,1.505,14.09,3.0,3.7546,12.35
697,2018-06-22,67.87,1.92,1.4180000000000001,13.77,5.0,3.786,12.05
698,2017-05-18,64.57,0.91,1.483,14.66,2.0,3.2529,16.03
699,2018-07-05,68.81,1.91,1.439,14.97,4.0,3.8628,11.48
700,2019-08-01,69.7,2.14,1.445,17.87,3.0,3.8893,12.12
701,2017-05-17,64.88,0.91,1.463,15.59,2.0,3.3710000000000004,16.3
702,2018-07-12,68.5,1.91,1.401,12.58,4.0,3.8518,11.08
703,2017-05-23,64.77,0.91,1.48,10.72,2.0,3.2784,15.87
704,2018-07-26,68.61,1.91,1.4369999999999998,12.14,4.0,3.7114,11.03
705,2019-08-30,71.45,2.13,1.34,18.98,3.0,4.1453,11.14
706,2017-05-25,64.51,0.91,1.52,9.99,2.0,3.2601,15.66
707,2017-05-30,64.51,0.91,1.524,10.38,2.0,3.2266,15.02
708,2018-08-02,68.55,1.91,1.43,12.19,4.0,3.708,10.59
709,2019-09-12,70.99,2.13,1.3559999999999999,14.22,4.0,4.0849,10.76
710,2017-06-02,64.42,0.91,1.554,9.75,2.0,3.2483,13.74
711,2018-08-14,69.96,1.91,1.357,13.31,4.0,3.9055,10.34
712,2019-10-01,71.11,1.88,1.485,18.56,5.0,4.1293,12.88
713,2018-08-22,70.11,1.92,1.294,12.25,4.0,4.1155,10.18
714,2017-06-09,64.25,0.91,1.55,10.7,2.0,3.2971,14.27
715,2018-08-29,70.75,1.92,1.232,12.25,4.0,4.1495,10.37
716,2019-10-24,70.82,1.85,1.473,13.71,5.0,4.0038,12.3
717,2018-09-04,71.76,1.92,1.291,13.16,4.0,4.1466,10.64
718,2018-09-05,71.95,1.92,1.291,13.91,4.0,4.059,10.89
719,2019-11-06,71.05,1.55,1.405,12.62,6.0,4.1007,12.56
720,2017-06-14,64.57,0.91,1.5730000000000002,10.64,2.0,3.275,13.62
721,2018-09-13,71.88,1.92,1.281,12.37,4.0,4.1742,11.68
722,2017-06-16,64.47,1.16,1.571,10.38,2.0,3.2933,13.44
723,2019-12-03,71.47,1.55,1.469,15.96,7.0,4.208,12.86
724,2018-09-27,72.51,2.18,1.285,12.41,4.0,4.0491,10.05
725,2019-12-13,70.65,1.55,1.344,12.63,7.0,4.09,13.5
726,2017-06-22,64.51,1.16,1.4909999999999999,10.48,2.0,3.343,12.84
727,2018-10-03,73.63,2.18,1.32,11.61,3.0,3.8745,12.23
728,2019-12-24,71.2,1.55,1.3980000000000001,12.67,7.0,4.08,13.37
729,2018-10-09,74.25,2.18,1.32,15.95,3.0,3.7555,12.97
730,2017-06-28,64.66,1.16,1.475,10.03,2.0,3.3043,12.55
731,2018-10-17,73.53,2.19,1.265,17.4,3.0,3.7216,13.73
732,2020-01-16,70.97,1.55,1.3259999999999998,12.32,7.0,4.18,14.43
733,2017-06-29,64.62,1.16,1.5090000000000001,11.44,2.0,3.3072,13.3
734,2018-10-25,73.46,2.2,1.2770000000000001,24.22,3.0,3.6429,13.97
735,2020-02-20,71.63,1.59,1.358,15.56,4.2,4.37,15.4
736,2018-10-23,73.23,2.2,1.2770000000000001,20.71,3.0,3.735,13.81
737,2017-07-07,64.63,1.16,1.518,11.19,2.0,3.2813,14.15
738,2018-11-07,72.38,2.2,1.2690000000000001,16.36,2.0,3.7605,13.01
739,2017-07-11,64.48,1.16,1.55,10.89,2.0,3.2079,13.44
740,2018-11-15,71.98,2.2,1.264,19.98,2.0,3.7435,12.65
741,2017-07-14,64.42,1.16,1.538,9.51,2.0,3.1799,14.3
742,2018-11-23,70.66,2.2,1.276,21.52,2.0,3.8283,12.47
743,2017-07-19,64.38,1.16,1.538,9.79,2.0,3.1208,14.5
744,2017-07-21,64.39,1.16,1.5190000000000001,9.36,2.0,3.1418,14.4
745,2018-12-18,70.28,2.2,1.248,25.58,2.0,3.8977,12.3
746,2018-12-26,70.36,2.4,1.247,30.41,2.0,3.8735,12.39
747,2017-07-28,64.12,1.16,1.541,10.29,2.0,3.1319,14.37
748,2018-12-21,70.14,2.4,1.238,30.11,2.0,3.904,12.34
749,2017-08-01,63.64,1.16,1.5590000000000002,10.09,3.0,3.1137,14.88
750,2019-01-10,70.4,2.4,1.287,19.5,2.0,3.7113,12.67
751,2017-08-02,63.71,1.16,1.5590000000000002,10.28,3.0,3.1126,14.79
752,2017-08-03,63.68,1.16,1.5759999999999998,10.44,3.0,3.1313,14.31
753,2019-01-29,71.24,2.4,1.2670000000000001,19.13,2.0,3.685,12.69
754,2017-08-08,63.86,1.16,1.591,10.96,3.0,3.1559,13.78
755,2019-02-05,71.55,2.4,1.307,15.57,3.0,3.6983,12.82
756,2017-08-10,64.14,1.16,1.575,16.04,3.0,3.1938,13.24
757,2019-02-14,71.33,2.4,1.329,16.22,3.0,3.7008,12.61
758,2017-08-15,64.17,1.16,1.531,12.04,3.0,3.1524,13.13
759,2019-02-26,71.2,2.4,1.339,15.17,3.0,3.7287,12.88
760,2017-08-18,64.1,1.16,1.507,14.26,3.0,3.1465,13.41
761,2019-03-06,70.12,2.4,1.318,15.74,3.0,3.8704,12.16
762,2017-08-22,64.05,1.16,1.52,11.35,3.0,3.1414,13.51
763,2019-03-13,69.37,2.4,1.355,13.41,3.0,3.8443,12.36
764,2017-08-16,64.17,1.16,1.51,11.74,3.0,3.1751,12.94
765,2019-03-21,69.17,2.41,1.419,13.63,3.0,3.9071,12.5
766,2017-08-25,64.01,1.16,1.5,11.28,3.0,3.1603,14.03
767,2019-03-29,69.19,2.43,1.345,13.71,3.0,3.9247,12.53
768,2017-08-29,63.99,1.16,1.489,11.7,3.0,3.1603,13.82
769,2017-09-01,64.03,1.16,1.556,10.13,3.0,3.1416,13.75
770,2019-04-18,69.4,2.43,1.3330000000000002,12.09,3.0,3.9274,12.76
771,2017-09-07,63.79,1.16,1.535,11.55,3.0,3.0867,14.03
772,2019-05-08,70.2,2.39,1.3,19.4,3.0,3.9466,11.65
773,2017-09-08,63.79,1.16,1.535,12.12,3.0,3.0867,14.09
774,2019-05-15,70.13,2.4,1.3419999999999999,16.44,3.0,4.0469,11.85
775,2017-09-12,64.01,1.16,1.5630000000000002,10.58,3.0,3.1353,14.02
776,2019-05-23,69.38,2.38,1.3969999999999998,16.92,3.0,4.0225,11.57
777,2017-09-15,64.11,1.16,1.545,10.17,3.0,3.1085,14.55
778,2019-06-04,69.39,2.38,1.5130000000000001,16.97,3.0,3.8811,12.42
779,2017-09-14,64.11,1.16,1.545,10.44,3.0,3.1085,14.27
780,2019-06-13,69.83,2.37,1.61,15.82,3.0,3.8958,12.75
781,2019-06-25,69.25,2.38,1.567,16.28,3.0,3.8445,12.33
782,2017-09-27,65.47,1.16,1.55,9.87,3.0,3.1825,13.08
783,2019-07-05,68.45,2.42,1.531,13.28,3.0,3.8221,12.36
784,2017-10-03,65.03,1.16,1.46,9.51,4.0,3.1351,14.04
785,2017-10-05,65.4,1.16,1.42,9.19,4.0,3.1561,14.39
786,2019-07-25,68.88,2.4,1.469,12.74,3.0,3.7761,12.0
787,2017-10-10,65.16,1.16,1.425,10.08,4.0,3.1724,14.17
788,2019-07-30,68.88,2.39,1.449,13.94,3.0,3.8129,12.15
789,2017-10-12,64.7,1.16,1.431,9.91,4.0,3.1452,14.28
790,2019-08-09,70.92,2.12,1.442,17.97,3.0,3.9416,11.86
791,2017-10-18,65.0,1.16,1.392,10.07,4.0,3.1671,14.08
792,2019-08-20,71.44,2.13,1.35,17.5,3.0,4.0269,11.44
793,2017-10-24,64.93,1.16,1.396,11.16,4.0,3.2332,14.28
794,2019-08-29,71.45,2.12,1.34,17.88,3.0,4.1453,11.21
795,2017-10-26,65.04,1.16,1.395,11.3,4.0,3.2363,14.11
796,2017-10-31,64.57,1.07,1.43,10.18,4.0,3.2677,14.74
797,2019-09-20,71.08,1.9,1.3619999999999999,15.32,4.0,4.148,11.09
798,2017-11-03,64.56,1.16,1.42,9.14,5.0,3.3144,14.38
799,2019-09-17,71.15,2.3,1.386,14.44,4.0,4.1112,10.94
800,2017-11-08,64.98,1.16,1.44,9.78,5.0,3.2521,14.84
801,2019-10-04,70.83,1.82,1.3880000000000001,17.04,5.0,4.0556,12.76
802,2017-11-10,65.19,1.16,1.456,11.29,5.0,3.2779,14.96
803,2019-10-16,71.13,1.9,1.445,13.68,5.0,4.1643,12.35
804,2017-11-15,65.3,1.16,1.39,13.13,5.0,3.2739999999999996,15.09
805,2019-10-25,70.82,1.83,1.473,12.65,5.0,4.0038,12.35
806,2017-11-22,64.57,1.16,1.3969999999999998,9.88,5.0,3.2243,15.28
807,2019-11-07,71.36,1.55,1.4180000000000001,12.73,6.0,4.1635,12.39
808,2019-11-14,71.65,1.55,1.43,13.05,6.0,4.1962,12.81
809,2019-11-20,71.75,1.55,1.416,12.78,6.0,4.1932,12.75
810,2019-12-06,71.28,1.55,1.375,13.62,7.0,4.1414,13.18
811,2017-12-06,64.57,1.16,1.315,11.02,5.0,3.2907,14.45
812,2019-12-19,71.09,1.55,1.369,12.5,7.0,4.07,13.55
813,2017-12-15,64.08,1.41,1.262,9.42,5.0,3.2947,13.66
814,2020-01-03,71.76,1.55,1.3630000000000002,14.02,7.0,4.07,13.31
815,2017-12-20,64.02,1.42,1.295,9.72,5.0,3.3084,14.57
816,2017-12-22,64.02,1.42,1.306,9.9,5.0,3.3369999999999997,14.6
817,2017-12-28,63.84,1.42,1.32,10.18,5.0,3.3125,15.0
818,2018-01-02,63.51,1.42,1.318,9.77,5.0,3.237,15.33
819,2018-01-03,63.4,1.42,1.318,9.15,5.0,3.2346,15.31
820,2018-01-12,63.61,1.42,1.357,10.16,5.0,3.2064,14.18
821,2018-01-16,63.89,1.42,1.359,11.66,5.0,3.2238,13.59
822,2018-01-18,63.83,1.42,1.3319999999999999,12.22,5.0,3.1962,13.08
823,2018-01-24,63.52,1.42,1.358,11.47,5.0,3.1485,13.16
824,2018-01-30,63.55,1.42,1.39,14.79,5.0,3.1859,13.72
825,2018-01-25,63.52,1.42,1.361,11.58,5.0,3.1510000000000002,13.24
826,2018-02-07,64.3,1.42,1.415,27.73,4.0,3.2858,14.0
827,2018-02-15,64.22,1.42,1.484,19.13,4.0,3.2312,13.62
828,2018-02-22,64.71,1.42,1.4709999999999999,18.72,4.0,3.2379,13.71
829,2018-03-02,65.22,1.42,1.4580000000000002,19.59,4.0,3.2528,13.42
830,2018-03-07,65.11,1.42,1.5119999999999998,17.76,4.0,3.2669,12.79
831,2018-03-13,64.84,1.42,1.527,16.35,4.0,3.2607,12.62
832,2018-03-20,65.18,1.44,1.4709999999999999,18.2,4.0,3.2725,12.56
833,2018-03-23,64.99,1.68,1.4509999999999998,24.87,4.0,3.3123,12.57
834,2018-04-04,64.89,1.69,1.422,20.06,5.0,3.3449,12.27
835,2018-04-10,65.26,1.69,1.4869999999999999,20.47,5.0,3.3746,12.13
836,2018-04-27,66.62,1.7,1.4480000000000002,15.41,5.0,3.4568,11.22
837,2018-04-20,66.21,1.7,1.499,16.88,5.0,3.4130000000000003,11.64
838,2018-05-08,67.35,1.7,1.4669999999999999,14.71,5.0,3.5924,11.56
839,2018-05-15,67.78,1.7,1.4709999999999999,14.63,5.0,3.6761,11.52
840,2018-05-10,67.36,1.7,1.459,13.23,5.0,3.5999,11.27
841,2018-05-23,68.34,1.7,1.4969999999999999,12.58,5.0,3.6496,12.35
842,2018-05-31,67.0,1.7,1.462,15.43,5.0,3.7633,12.79
843,2018-06-05,66.84,1.7,1.4340000000000002,12.4,5.0,3.8488,12.02
844,2018-06-13,67.69,1.7,1.413,12.94,5.0,3.806,12.51
845,2018-06-19,68.06,1.91,1.403,13.35,5.0,3.7715,11.84
846,2018-06-28,68.46,1.91,1.425,16.85,5.0,3.8771,11.88
847,2018-07-10,68.73,1.91,1.3980000000000001,12.64,4.0,3.8773,11.41
848,2018-07-18,69.02,1.91,1.42,12.1,4.0,3.8295,11.08
849,2018-07-31,68.35,1.91,1.445,12.83,4.0,3.7499,10.55
850,2018-08-07,68.66,1.91,1.389,10.93,4.0,3.7721,10.88
851,2018-08-23,69.97,1.92,1.3130000000000002,12.41,4.0,4.102,10.12
852,2018-08-30,71.01,1.92,1.28,13.53,4.0,4.0556,10.57
853,2018-09-12,72.04,1.92,1.274,13.14,4.0,4.2077,11.67
854,2018-09-19,72.02,1.92,1.262,11.75,4.0,4.0771,10.76
855,2018-09-26,72.57,1.93,1.296,12.89,4.0,4.0123,9.9
856,2018-10-02,73.35,2.18,1.305,12.05,4.0,3.9015,12.07
857,2018-10-10,74.05,2.18,1.305,22.96,3.0,3.7812,12.85
858,2018-10-16,73.6,2.18,1.28,17.62,3.0,3.6875,13.25
859,2018-10-24,73.23,2.2,1.26,25.23,3.0,3.7058,14.01
860,2018-10-31,73.46,2.2,1.278,21.23,3.0,3.7012,13.19
861,2018-11-13,72.31,2.2,1.258,20.02,2.0,3.7841,12.61
862,2018-12-06,70.86,2.2,1.238,21.19,2.0,3.9075,12.64
863,2018-12-14,71.92,2.19,1.258,21.63,2.0,3.9171,12.65
864,2018-12-20,70.14,2.4,1.238,28.38,2.0,3.904,12.43
865,2019-01-15,70.98,2.4,1.262,18.6,2.0,3.7366,13.16
866,2019-01-23,71.0,2.4,1.261,19.52,2.0,3.7733,12.97
867,2019-02-08,71.18,2.4,1.308,15.72,3.0,3.7292,12.71
868,2019-02-22,71.04,2.4,1.3459999999999999,13.51,3.0,3.7485,13.37
869,2019-03-01,71.0,2.4,1.338,13.57,3.0,3.7752,12.62
870,2019-03-19,68.79,2.4,1.4080000000000001,13.56,3.0,3.7763,12.78
871,2019-03-28,69.19,2.41,1.345,14.43,3.0,3.9247,12.53
872,2019-04-05,69.17,2.41,1.3019999999999998,12.82,3.0,3.8735,12.76
873,2019-04-17,69.4,2.42,1.3330000000000002,12.6,3.0,3.9274,12.35
874,2019-04-24,70.17,2.44,1.3159999999999998,13.14,3.0,3.9542,12.68
875,2019-05-02,69.1,2.41,1.319,14.42,3.0,3.9382,12.23
876,2019-05-22,69.67,2.38,1.35,14.75,3.0,4.0401,11.62
877,2019-05-30,69.58,2.39,1.517,17.3,3.0,3.9228,11.76
878,2019-06-20,69.62,2.37,1.575,14.75,3.0,3.8192,12.43
879,2019-07-02,68.8,2.4,1.483,12.93,3.0,3.8272,12.35
880,2019-07-10,68.41,2.41,1.5490000000000002,13.03,3.0,3.7551,12.5
881,2019-07-19,68.86,2.41,1.472,14.45,3.0,3.7494,11.59
882,2019-08-07,70.42,2.12,1.439,19.49,3.0,3.9199,11.34
883,2019-08-13,71.28,2.12,1.255,17.52,3.0,4.0526,11.72
884,2019-08-22,71.51,2.12,1.317,16.68,3.0,4.1198,11.58
885,2019-09-03,71.99,2.13,1.291,19.66,4.0,4.095,11.19
886,2019-09-10,71.58,2.13,1.3330000000000002,15.2,4.0,4.0680000000000005,10.88
887,2019-10-02,71.03,1.88,1.485,20.56,5.0,4.0841,12.89
888,2019-10-11,70.92,1.82,1.507,15.58,5.0,4.1097,12.41
889,2019-10-23,70.97,1.85,1.45,14.01,5.0,4.0415,12.15
890,2019-10-31,70.76,1.58,1.4509999999999998,13.22,5.0,3.9903,12.48
891,2019-11-13,71.97,1.55,1.421,13.0,6.0,4.1951,12.85
892,2019-12-11,70.69,1.55,1.344,14.99,7.0,4.09,13.42
893,2019-12-10,70.81,1.55,1.3219999999999998,15.68,7.0,4.12,13.46
894,2019-12-31,71.25,1.55,1.406,13.78,7.0,4.02,13.42
895,2020-01-14,70.91,1.55,1.375,12.39,7.0,4.13,14.32
896,2020-01-28,71.19,1.55,1.347,16.28,7.0,4.19,14.54
897,2020-12-09,73.62,0.09,1.375,22.27,7.61,5.12,14.97
898,2020-09-29,73.78,0.09,1.305,26.27,5.5,5.66,12.99
899,2020-09-09,73.6,0.09,1.306,28.81,5.5,5.36,12.03
900,2021-05-21,72.91,0.06,2.35,20.67,4.29,5.37,16.67
901,2021-06-17,74.17,0.06,2.46,18.15,6.3,5.01,16.55
902,2021-07-16,74.91,0.1,2.32,17.01,6.26,5.12,17.71
903,2021-08-18,74.31,0.1,2.22,17.91,5.59,5.38,20.17
904,2021-09-15,73.49,0.08,2.207,19.46,5.3,5.22,19.52
905,2021-10-21,74.84,0.08,2.207,15.49,4.35,5.66,18.94
906,2021-11-18,74.19,0.08,2.207,17.11,12.54,5.56,20.18
907,2021-12-22,75.46,0.08,2.137,21.01,4.91,5.65,19.26
908,2022-01-21,74.42,0.08,2.16,25.59,5.59,5.46,18.9
909,2022-02-16,75.05,0.08,2.16,25.7,6.01,5.14,18.07
910,2022-03-16,76.45,0.08,2.16,29.83,6.07,5.08,18.56
911,2022-04-14,76.31,0.33,2.7025,22.7,6.95,4.7,20.13
912,2022-05-17,77.37,0.83,2.795,26.1,7.79,4.94,20.0
913,2022-05-18,77.82,0.83,2.745,26.1,7.79,4.97,19.83
914,2022-05-19,77.42,0.83,2.755,29.35,7.79,4.93,19.81
915,2022-06-16,78.01,0.83,2.85,29.62,7.04,5.05,18.6
916,2022-07-15,79.72,1.58,2.55,26.72,7.01,5.41,19.25
917,2022-08-18,79.75,2.33,2.52,19.56,6.71,5.17,17.77
918,2022-09-16,79.69,2.33,2.285,26.3,7.0,5.25,17.88
919,2022-09-20,79.76,2.33,2.28,27.16,7.0,5.14,17.8
920,2022-09-21,80.19,2.33,2.265,27.99,7.0,5.17,17.81
921,2022-09-22,81.06,2.33,2.26,27.35,7.0,5.12,18.0
922,2022-09-23,81.24,2.33,2.21,29.92,7.0,5.27,17.64
923,2022-09-28,81.43,3.08,2.2275,34.5,7.0,5.38,17.71
924,2022-09-30,81.64,3.08,2.295,31.84,7.0,5.14,17.68
925,2022-09-29,81.5,3.08,2.255,31.84,7.0,5.04,17.77
926,2022-09-27,81.72,3.08,2.19,32.6,7.0,5.38,17.59
927,2022-10-07,82.82,3.08,2.33,31.36,7.0,5.21,18.68
928,2022-10-06,82.36,3.08,2.315,30.52,7.0,5.22,18.46
929,2022-10-05,81.65,3.08,2.35,28.55,7.0,5.2,17.95
930,2022-10-04,81.48,3.08,2.3,29.07,7.0,5.18,17.91
931,2022-10-10,82.42,3.08,2.35,32.93,7.0,5.19,18.61
932,2022-10-11,82.27,3.08,2.33,33.56,7.0,5.29,18.74
933,2022-10-14,82.42,3.08,2.33,32.02,7.0,5.33,18.84
934,2022-10-13,82.27,3.08,2.31,31.95,7.0,5.26,18.81
935,2022-10-12,82.19,3.08,2.32,33.57,7.0,5.29,18.68
936,2022-10-17,82.17,3.08,2.32,31.37,7.41,5.28,18.77
937,2022-10-21,82.54,3.08,2.45,29.69,7.41,5.16,18.38
938,2022-10-18,82.29,3.08,2.34,30.5,7.41,5.24,18.67
939,2022-10-19,83.0,3.08,2.36,30.94,7.41,5.27,18.65
940,2022-10-20,82.83,3.08,2.46,31.3,7.41,5.22,18.39
941,2022-10-24,82.76,3.08,2.41,29.85,7.41,5.31,18.13
942,2022-10-23,82.54,3.08,2.45,29.69,7.41,5.16,18.38
943,2022-10-22,82.54,3.08,2.45,29.69,7.41,5.16,18.38
944,2022-10-25,82.51,3.08,2.41,28.46,7.41,5.32,18.11
945,2022-10-27,82.42,3.08,2.43,27.39,7.41,5.34,17.71
946,2022-10-26,82.51,3.08,2.4,27.28,7.41,5.39,17.86
947,2022-10-28,82.29,3.08,2.48,25.75,7.41,5.29,17.58
948,2022-11-01,82.68,3.08,2.59,25.81,7.41,5.14,18.43
949,2022-10-29,82.29,3.08,2.48,25.75,7.41,5.29,17.58
950,2022-10-30,82.29,3.08,2.48,25.75,7.41,5.29,17.58
951,2022-10-31,82.29,3.08,2.52,25.75,7.41,5.18,17.97
952,2022-11-02,82.91,3.08,2.62,25.86,7.41,5.14,18.47
953,2022-11-03,82.68,3.08,2.75,25.3,7.41,5.12,18.47
954,2022-11-04,81.95,3.08,2.77,24.55,7.41,5.06,18.71
955,2022-11-08,81.42,3.08,2.72,25.54,7.41,5.14,19.0
956,2022-11-07,81.82,3.08,2.8,24.35,7.41,5.16,18.68
957,2022-11-09,81.45,3.83,2.73,26.09,7.41,5.19,19.38
958,2022-11-06,81.95,3.08,2.77,24.55,7.41,5.06,18.71
959,2022-11-05,81.95,3.08,2.77,24.55,7.41,5.06,18.71
960,2022-11-10,80.48,3.83,2.69,23.53,7.41,5.35,19.38
961,2022-11-11,80.55,3.83,2.62,22.52,7.41,5.33,19.64
962,2022-11-12,80.55,3.83,2.62,22.52,7.41,5.33,19.64
963,2022-11-14,80.95,3.83,2.61,23.73,7.41,5.33,19.83
964,2022-11-17,81.35,3.83,2.31,23.93,6.77,5.42,19.73
965,2022-11-16,81.45,3.83,2.27,24.11,6.77,5.4,20.27
966,2022-11-15,81.08,3.83,2.59,24.54,7.41,5.33,20.29
967,2022-11-18,81.52,3.83,2.32,23.12,6.77,5.38,20.05
968,2022-11-13,80.55,3.83,2.62,22.52,7.41,5.33,19.64
969,2022-11-20,81.52,3.83,2.32,23.12,6.77,5.38,20.05
970,2022-11-19,81.52,3.83,2.32,23.12,6.77,5.38,20.05
971,2022-11-21,81.73,3.83,2.34,22.36,6.77,5.32,19.86
972,2022-11-22,81.71,3.83,2.38,21.29,6.77,5.36,19.74
973,2022-11-26,81.66,3.83,2.42,20.5,6.77,5.41,19.33
974,2022-11-24,81.66,3.83,2.42,20.42,6.77,5.32,19.55
975,2022-11-27,81.66,3.83,2.42,20.5,6.77,5.41,19.33
976,2022-11-23,81.63,3.83,2.42,20.35,6.77,5.36,19.55
977,2022-11-28,81.65,3.83,2.39,22.21,6.77,5.37,19.38
978,2022-11-25,81.66,3.83,2.42,20.5,6.77,5.41,19.33
979,2022-11-30,81.31,3.83,2.24,21.07,6.77,5.19,19.63
980,2022-11-29,81.65,3.83,2.29,21.89,6.77,5.27,19.53
981,2022-12-02,81.42,3.83,2.14,19.06,6.77,5.22,19.48
982,2022-12-01,81.18,3.83,2.21,20.83,6.77,5.19,19.62
983,2022-12-04,81.42,3.83,2.14,19.06,6.77,5.22,19.48
984,2022-12-08,82.28,3.83,2.08,22.29,6.77,5.23,19.68
985,2022-12-06,82.47,3.83,2.11,22.17,6.77,5.24,19.39
986,2022-12-03,81.42,3.83,2.14,19.06,6.77,5.22,19.48
987,2022-12-05,81.87,3.83,2.11,20.75,6.77,5.28,19.55
988,2022-12-07,82.25,3.83,2.09,22.68,6.77,5.2,19.48
989,2022-12-13,82.4,3.83,2.17,22.55,6.77,5.29,19.76
990,2022-12-11,82.28,3.83,2.08,22.29,6.77,5.23,19.6
991,2022-12-10,82.28,3.83,2.08,22.29,6.77,5.23,19.6
992,2022-12-09,82.28,3.83,2.08,22.29,6.77,5.23,19.6
993,2022-12-12,82.65,3.83,2.17,25.0,6.77,5.32,19.38
994,2022-12-16,82.68,3.83,2.13,22.62,5.88,5.31,20.09
995,2022-12-14,82.5,3.83,2.15,21.14,6.77,5.28,20.29
996,2022-12-15,82.86,3.83,2.11,22.83,6.77,5.31,19.98
997,2022-12-20,82.58,4.33,2.17,22.42,5.88,5.29,20.58
998,2022-12-17,82.68,4.33,2.13,22.62,5.88,5.31,20.09
999,2022-12-18,82.68,4.33,2.13,22.62,5.88,5.31,20.09
1000,2022-12-19,82.58,4.33,2.17,22.42,5.88,5.29,20.14
1001,2022-12-21,82.88,4.33,2.2,20.07,5.88,5.2,20.75
1002,2022-12-22,82.88,4.33,2.22,21.97,5.88,5.17,20.89
1003,2022-12-26,82.9,4.33,2.25,20.87,5.88,5.22,20.98
1004,2022-12-23,82.6,4.33,2.25,20.87,5.88,5.17,20.98
1005,2022-12-25,82.6,4.33,2.25,20.87,5.88,5.17,20.98
1006,2022-12-24,82.6,4.33,2.25,20.87,5.88,5.17,20.98
1007,2022-12-28,82.85,4.33,2.29,22.14,5.88,5.27,20.16
1008,2022-12-29,82.83,4.33,2.29,21.44,5.88,5.29,20.29
1009,2022-12-27,82.9,4.33,2.25,20.87,5.88,5.22,20.32
1010,2023-01-01,82.83,4.33,2.33,21.67,5.88,5.29,20.04
1011,2023-01-02,82.74,4.33,2.33,21.67,5.88,5.36,20.04
1012,2022-12-31,82.83,4.33,2.33,21.67,5.88,5.29,20.04
1013,2022-12-30,82.83,4.33,2.33,21.67,5.88,5.29,20.04
1014,2023-01-03,82.79,4.33,2.28,22.9,5.88,5.48,19.7
1015,2023-01-05,82.63,4.33,2.22,22.46,5.88,5.35,19.34
1016,2023-01-06,82.27,4.33,2.17,21.13,5.88,5.23,18.96
1017,2023-01-04,82.69,4.33,2.24,22.9,5.88,5.43,19.54
1018,2023-01-15,81.29,4.33,2.19,18.35,5.88,5.1,19.73
1019,2023-01-12,81.24,4.33,2.12,18.83,5.88,5.11,19.59
1020,2023-01-08,82.27,4.33,2.17,21.13,5.88,5.23,18.96
1021,2023-01-07,82.27,4.33,2.17,21.13,5.88,5.23,18.96
1022,2023-01-09,82.46,4.33,2.12,21.97,5.88,5.26,19.17
1023,2023-01-11,81.63,4.33,2.07,21.09,5.88,5.16,19.65
1024,2023-01-14,81.29,4.33,2.19,18.35,5.88,5.1,19.73
1025,2023-01-10,81.7,4.33,2.11,20.58,5.88,5.2,19.64
1026,2023-01-16,81.65,4.33,2.19,19.49,5.88,5.15,19.73
1027,2023-01-13,81.29,4.33,2.19,18.35,5.88,5.1,19.73
1028,2023-01-17,81.37,4.33,2.2,19.36,5.88,5.1,20.14
1029,2023-01-18,81.44,4.33,2.17,20.34,5.75,5.19,19.82
1030,2023-01-23,81.49,4.33,2.15,19.81,5.75,5.12,19.7
1031,2023-01-19,81.44,4.33,2.17,20.34,5.75,5.19,19.68
1032,2023-01-22,80.98,4.33,2.18,19.85,5.75,5.12,19.72
1033,2023-01-21,80.98,4.33,2.18,19.85,5.75,5.12,19.72
1034,2023-01-20,80.98,4.33,2.18,19.85,5.75,5.12,19.72
1035,2023-01-24,81.6,4.33,2.16,19.2,5.75,5.14,19.88
1036,2023-01-26,81.45,4.33,2.15,18.73,5.75,5.07,20.68
1037,2023-01-27,81.51,4.33,2.18,18.15,5.75,5.11,20.96
1038,2023-01-25,81.55,4.33,2.14,19.08,5.75,5.07,20.11
1039,2023-01-29,81.51,4.33,2.18,18.15,5.75,5.11,20.96
1040,2023-01-30,81.58,4.33,2.18,19.94,5.75,5.12,21.21
1041,2023-01-28,81.51,4.33,2.18,18.15,5.75,5.11,20.96
1042,2023-01-31,81.77,4.33,2.16,19.4,5.75,5.07,21.76
1043,2023-02-01,81.71,4.33,2.16,19.62,5.75,5.06,21.37
1044,2023-02-02,82.05,4.33,2.18,18.73,5.75,5.05,21.66
1045,2023-02-03,82.49,4.58,2.19,18.33,5.75,5.15,21.24
1046,2023-02-04,82.49,4.58,2.19,18.33,5.75,5.15,21.24
1047,2023-02-05,82.49,4.58,2.19,18.33,5.75,5.15,21.24
1048,2023-02-06,82.76,4.58,2.21,19.43,5.75,5.15,20.66
1049,2023-02-07,82.74,4.58,2.2,18.66,5.75,5.12,20.84
1050,2023-02-08,82.66,4.58,2.21,19.63,5.75,5.2,21.2
1051,2023-02-09,82.66,4.58,2.17,19.24,5.75,5.29,21.45
1052,2023-02-10,82.49,4.58,2.2,20.53,5.75,5.22,21.58
1053,2023-02-11,82.49,4.58,2.2,20.53,5.75,5.22,21.58
1054,2023-02-12,82.49,4.58,2.2,20.53,5.75,5.22,21.58
1055,2023-02-13,82.6,4.58,2.21,20.34,5.75,5.16,19.68
1056,2023-02-14,82.87,4.58,2.17,18.91,6.52,5.19,20.0
1057,2023-02-15,82.74,4.58,2.17,18.23,6.52,5.22,19.72
1058,2023-02-16,82.7,4.58,2.19,20.17,6.52,5.22,19.77
1059,2023-02-17,82.82,4.58,2.21,20.02,6.52,5.17,19.8
1060,2023-02-18,82.82,4.58,2.21,20.02,6.52,5.17,19.8
1061,2023-02-19,82.82,4.58,2.21,20.02,6.52,5.17,19.8
1062,2023-02-20,82.69,4.58,2.21,21.23,6.52,5.17,19.8
1063,2023-02-21,82.86,4.58,2.22,22.87,6.52,5.17,19.93
1064,2023-02-22,82.84,4.58,2.2,22.29,6.52,5.15,19.9
1065,2023-02-23,82.62,4.58,2.18,21.14,6.52,5.14,20.34
1066,2023-02-24,82.93,4.58,2.16,21.67,6.52,5.21,19.67
1067,2023-02-25,82.93,4.58,2.16,21.67,6.52,5.21,19.67
1068,2023-02-26,82.93,4.58,2.16,21.67,6.52,5.21,19.67
1069,2023-02-27,82.65,4.58,2.15,20.95,6.52,5.2,20.29
1070,2023-02-28,82.64,4.57,2.11,20.7,6.52,5.24,20.07
1071,2023-03-01,82.42,4.57,2.13,20.58,6.52,5.18,20.57
1072,2023-03-02,82.36,4.58,2.15,19.59,6.52,5.2,20.31
1073,2023-03-03,81.71,4.57,2.21,18.49,6.52,5.2,20.92
1074,2023-03-04,81.71,4.57,2.21,18.49,6.52,5.2,20.92
1075,2023-03-05,81.71,4.57,2.21,18.49,6.52,5.2,20.92
1076,2023-03-06,81.85,4.57,2.21,18.61,6.52,5.15,20.87
1077,2023-03-07,82.08,4.57,2.19,19.59,6.52,5.19,21.02
1078,2023-03-08,81.96,4.57,2.18,19.11,6.52,5.15,20.88
1079,2023-03-09,82.02,4.57,2.17,22.61,6.52,5.17,21.15
1080,2023-03-10,82.02,4.57,2.19,24.8,6.52,5.22,21.16
1081,2023-03-11,82.02,4.57,2.19,24.8,6.52,5.22,21.16
1082,2023-03-12,82.02,4.57,2.19,24.8,6.52,5.22,21.16
1083,2023-03-13,82.42,4.57,2.185,26.52,6.52,5.25,20.8
1084,2023-03-14,82.31,4.57,2.19,23.73,6.44,5.25,20.68
1085,2023-03-15,82.72,4.57,2.19,26.14,6.44,5.29,20.5
1086,2023-03-16,82.62,4.58,2.22,22.99,6.44,5.23,20.76
1087,2023-03-17,82.53,4.58,2.25,25.51,6.44,5.28,20.67
1088,2023-03-18,82.53,4.58,2.25,25.51,6.44,5.28,20.67
1089,2023-03-19,82.53,4.58,2.25,25.51,6.44,5.28,20.67
1090,2023-03-20,82.55,4.58,2.25,24.15,6.44,5.24,20.48
1091,2023-03-21,82.68,4.58,2.27,21.38,6.44,5.24,20.48
1092,2023-03-22,82.51,4.58,2.31,22.26,6.44,5.24,20.48
1093,2023-03-23,82.33,4.58,2.29,22.61,6.44,5.3,20.89
1094,2023-03-24,82.35,4.83,2.32,21.74,6.44,5.25,20.89
1095,2023-03-25,82.35,4.83,2.32,21.74,6.44,5.25,20.89
1096,2023-03-26,82.35,4.83,2.32,21.74,6.44,5.25,20.89
1097,2023-03-27,82.35,4.83,2.37,20.6,6.44,5.2,20.89
1098,2023-03-28,82.16,4.83,2.36,19.97,6.44,5.17,20.89
1099,2023-03-29,82.24,4.83,2.37,19.12,6.44,5.14,21.25
1100,2023-03-30,82.1,4.83,2.34,19.02,6.44,5.09,21.25
1101,2023-03-31,82.18,4.83,2.42,18.7,6.44,5.06,21.25
1102,2023-04-01,82.18,4.83,2.42,18.7,6.44,5.06,21.25
1103,2023-04-02,82.18,4.83,2.42,18.7,6.44,5.06,21.25
1104,2023-04-03,82.14,4.83,2.44,18.55,6.44,5.06,22.4
1105,2023-04-04,82.12,4.83,2.46,19.0,6.44,5.07,22.47
1106,2023-04-05,81.95,4.83,2.45,19.08,6.44,5.03,22.47
1107,2023-04-06,81.83,4.83,2.44,18.4,6.44,5.06,23.61
1108,2023-04-07,81.88,4.83,2.44,18.4,6.44,5.06,23.61
1109,2023-04-08,81.88,4.83,2.44,18.4,6.44,5.06,23.61
1110,2023-04-09,81.88,4.83,2.44,18.4,6.44,5.06,23.61
1111,2023-04-10,81.98,4.83,2.46,18.97,6.44,5.07,23.56
1112,2023-04-11,82.07,4.83,2.45,19.1,6.44,5.01,23.56
1113,2023-04-12,81.96,4.83,2.44,19.09,6.44,4.92,24.05
1114,2023-04-13,81.68,4.83,2.44,17.8,6.44,4.93,24.04
1115,2023-04-14,81.55,4.83,2.46,17.07,6.44,4.91,24.1
1116,2023-04-15,81.55,4.83,2.46,17.07,6.44,4.91,24.1
1117,2023-04-16,81.55,4.83,2.46,17.07,6.44,4.91,24.1
1118,2023-04-17,82.0,4.83,2.45,16.95,5.66,4.94,24.44
1119,2023-04-18,82.11,4.83,2.43,16.83,5.66,4.99,24.54
1120,2023-04-19,82.33,4.83,2.42,16.45,5.66,5.08,24.37
1121,2023-04-20,82.14,4.83,2.42,17.17,5.66,5.05,25.25
1122,2023-04-21,82.04,4.83,2.4,16.77,5.66,5.05,24.83
1123,2023-04-22,82.04,4.83,2.4,16.77,5.66,5.05,24.83
1124,2023-04-23,82.04,4.83,2.4,16.77,5.66,5.05,24.83
1125,2023-04-24,81.85,4.83,2.39,16.89,5.66,5.03,25.91
1126,2023-04-25,82.0,4.83,2.41,18.76,5.66,5.05,26.65
1127,2023-04-26,81.77,4.83,2.42,18.84,5.66,5.04,26.51
1128,2023-04-27,81.77,4.83,2.38,17.03,5.66,5.04,26.99
1129,2023-04-28,81.75,4.83,2.41,15.78,5.66,4.99,26.99
1130,2023-04-29,81.75,4.83,2.41,15.78,5.66,4.99,26.99
1131,2023-04-30,81.75,4.83,2.41,15.78,5.66,4.99,26.99
1132,2023-05-01,81.93,4.83,2.41,16.08,5.66,4.99,26.99
1133,2023-05-02,81.78,4.83,2.4,17.78,5.66,5.04,25.14
1134,2023-05-03,81.78,4.83,2.41,18.34,5.66,5.0,25.17
1135,2023-05-04,81.72,4.83,2.41,20.09,5.66,4.98,25.52
1136,2023-05-05,81.73,5.08,2.42,17.19,5.66,4.95,26.32
1137,2023-05-06,81.73,5.08,2.42,17.19,5.66,4.95,26.32
1138,2023-05-07,81.73,5.08,2.42,17.19,5.66,4.95,26.32
1139,2023-05-08,81.8,5.08,2.4,16.98,5.66,5.01,26.09
1140,2023-05-09,82.11,5.08,2.33,17.71,5.66,4.99,26.19
1141,2023-05-10,81.92,5.08,2.35,16.94,5.66,4.94,26.66
1142,2023-05-11,81.92,5.08,2.35,16.94,5.66,4.94,26.66
1143,2023-05-12,81.92,5.08,2.35,16.94,5.66,4.94,26.66
1144,2023-05-13,81.92,5.08,2.35,16.94,5.66,4.94,26.66
1145,2023-05-14,81.92,5.08,2.35,16.94,5.66,4.94,26.66
1146,2023-05-15,81.92,5.08,2.35,16.94,4.7,4.94,26.66
1147,2023-05-16,81.92,5.08,2.35,16.94,4.7,4.94,26.66
1148,2023-05-17,81.92,5.08,2.35,16.94,4.7,4.94,26.66
1149,2023-05-18,81.92,5.08,2.35,16.94,4.7,4.94,26.66
1150,2023-05-19,81.92,5.08,2.35,16.94,4.7,4.94,26.66
1151,2023-05-20,81.92,5.08,2.35,16.94,4.7,4.94,26.66
1152,2023-05-21,81.92,5.08,2.35,16.94,4.7,4.94,26.66
1153,2023-05-22,82.85,5.08,2.44,17.21,4.7,4.97,25.99
1154,2023-05-23,82.88,5.08,2.43,18.53,4.7,4.97,25.81
1155,2023-05-24,82.71,5.08,2.44,20.03,4.7,4.96,25.49
1156,2023-05-25,82.75,5.08,2.44,19.14,4.7,5.04,24.83
1157,2023-05-26,82.56,5.08,2.44,17.95,4.7,4.99,25.37
1158,2023-05-27,82.56,5.08,2.44,17.95,4.7,4.99,25.37
1159,2023-05-28,82.56,5.08,2.44,17.95,4.7,4.99,25.37
1160,2023-05-29,82.59,5.08,2.44,17.46,4.7,5.02,25.37
1161,2023-05-30,82.63,5.08,2.44,17.46,4.7,5.04,25.33
1162,2023-05-31,82.67,5.08,2.46,17.94,4.7,5.06,25.06
1163,2023-06-01,82.3,5.08,2.46,15.65,4.7,5.01,24.88
1164,2023-06-02,82.41,5.08,2.47,14.6,4.7,4.96,24.73
1165,2023-06-03,82.41,5.08,2.47,14.6,4.7,4.96,24.73
1166,2023-06-04,82.41,5.08,2.47,14.6,4.7,4.96,24.73
1167,2023-06-05,82.51,5.08,2.44,14.73,4.7,4.93,24.4
1168,2023-06-06,82.52,5.08,2.44,13.96,4.7,4.91,24.58
1169,2023-06-07,82.52,5.08,2.44,13.96,4.7,4.91,24.58
1170,2023-06-08,82.52,5.08,2.44,13.96,4.7,4.91,24.58
1171,2023-06-09,82.52,5.08,2.44,13.96,4.7,4.91,24.58
1172,2023-06-10,82.52,5.08,2.44,13.96,4.7,4.91,24.58
1173,2023-06-11,82.52,5.08,2.44,13.96,4.7,4.91,24.58
1174,2023-06-12,82.43,5.08,2.44,15.01,4.7,4.86,25.47
1175,2023-06-13,82.29,5.08,2.44,14.61,4.7,4.86,25.16
1176,2023-06-14,82.29,5.08,2.45,13.88,4.25,4.82,25.84
1177,2023-06-15,81.99,5.08,2.47,14.5,4.25,4.81,26.0
1178,2023-06-16,81.91,5.08,2.5,13.54,4.25,4.82,26.43
1179,2023-06-17,81.91,5.08,2.5,13.54,4.25,4.82,26.43
1180,2023-06-18,81.91,5.08,2.5,13.54,4.25,4.82,26.43
1181,2023-06-19,81.98,5.08,2.5,14.19,4.25,4.78,26.43
1182,2023-06-20,81.99,5.08,2.5,13.88,4.25,4.79,26.22
1183,2023-06-21,81.94,5.08,2.56,13.2,4.25,4.76,25.88
1184,2023-06-22,81.95,5.07,2.54,12.19,4.25,4.76,24.93
1185,2023-06-23,81.96,5.07,2.55,13.44,4.25,4.78,24.18
1186,2023-06-24,81.96,5.07,2.55,13.44,4.25,4.78,24.18
1187,2023-06-25,81.96,5.07,2.55,13.44,4.25,4.78,24.18
1188,2023-06-26,82.0,5.07,2.54,14.25,4.25,4.77,23.72
1189,2023-06-27,82.0,5.07,2.54,13.74,4.25,4.81,23.03
1190,2023-06-28,82.03,5.07,2.52,13.43,4.25,4.85,22.57
1191,2023-06-29,82.08,5.07,2.52,13.45,4.25,4.86,22.07
1192,2023-06-30,82.1,5.07,2.51,13.59,4.25,4.79,22.89
1193,2023-07-01,82.1,5.07,2.51,13.59,4.25,4.79,22.89
1194,2023-07-02,82.1,5.07,2.51,13.59,4.25,4.79,22.89
1195,2023-07-03,81.94,5.08,2.29,13.57,4.25,4.81,23.32
1196,2023-07-04,82.01,5.08,2.29,13.7,4.25,4.84,23.32
1197,2023-07-05,82.4,5.08,2.28,14.18,4.25,4.85,23.53
1198,2023-07-06,82.72,5.08,2.29,15.44,4.25,4.92,23.25
1199,2023-07-07,82.65,5.08,2.33,15.97,4.25,4.87,23.53
1200,2023-07-08,82.65,5.08,2.33,15.97,4.25,4.87,23.53
1201,2023-07-09,82.65,5.08,2.33,15.97,4.25,4.87,23.53
1202,2023-07-10,82.5,5.08,2.37,15.07,4.25,4.9,23.44
1203,2023-07-11,82.42,5.08,2.38,14.84,4.25,4.85,23.53
1204,2023-07-12,82.03,5.08,2.37,13.54,4.25,4.82,23.91
1205,2023-07-13,82.03,5.08,2.43,13.61,4.25,4.8,24.01
1206,2023-07-14,82.08,5.08,2.48,13.34,4.81,4.79,24.32
1207,2023-07-15,82.08,5.08,2.48,13.34,4.81,4.79,24.32
1208,2023-07-16,82.08,5.08,2.48,13.34,4.81,4.79,24.32
1209,2023-07-17,82.06,5.08,2.48,13.48,4.81,4.81,23.8
1210,2023-07-18,82.08,5.08,2.49,13.3,4.81,4.81,23.86
1211,2023-07-19,82.06,5.08,2.48,13.76,4.81,4.79,24.21
1212,2023-07-20,82.08,5.08,2.48,13.99,4.81,4.8,24.67
1213,2023-07-21,81.99,5.08,2.48,13.6,4.81,4.8,25.01
1214,2023-07-22,81.99,5.08,2.48,13.6,4.81,4.8,25.01
1215,2023-07-23,81.99,5.08,2.48,13.6,4.81,4.8,25.01
1216,2023-07-24,81.81,5.08,2.49,13.91,4.81,4.73,24.92
1217,2023-07-25,81.95,5.08,2.48,13.81,4.81,4.75,24.69
1218,2023-07-26,81.98,5.08,2.46,13.19,4.81,4.74,24.39
1219,2023-07-27,82.38,5.08,2.45,14.41,4.81,4.74,24.43
1220,2023-07-28,82.26,5.33,2.44,13.33,4.81,4.72,23.92
1221,2023-07-29,82.26,5.33,2.44,13.33,4.81,4.72,23.92
1222,2023-07-30,82.26,5.33,2.44,13.33,4.81,4.72,23.92
1223,2023-07-31,82.25,5.33,2.19,13.63,4.81,4.73,24.11
1224,2023-08-01,82.35,5.33,2.17,13.93,4.81,4.79,24.39
1225,2023-08-02,82.37,5.33,2.15,16.09,4.81,4.81,24.2
1226,2023-08-03,82.78,5.33,2.17,15.92,4.81,4.92,24.02
1227,2023-08-04,82.68,5.33,2.17,17.1,4.81,4.87,23.69
1228,2023-08-05,82.68,5.33,2.17,17.1,4.81,4.87,23.69
1229,2023-08-06,82.68,5.33,2.17,17.1,4.81,4.87,23.69
1230,2023-08-07,82.72,5.33,2.18,15.77,4.81,4.9,23.74
1231,2023-08-08,82.83,5.33,2.19,15.99,4.81,4.9,23.45
1232,2023-08-09,82.84,5.33,2.19,15.96,4.81,4.9,23.71
1233,2023-08-10,82.8,5.33,2.17,15.85,4.81,4.89,23.95
1234,2023-08-11,82.96,5.33,2.17,14.84,4.81,4.91,24.33
1235,2023-08-12,82.96,5.33,2.17,14.84,4.81,4.91,24.33
1236,2023-08-13,82.96,5.33,2.17,14.84,4.81,4.91,24.33
1237,2023-08-14,83.23,5.33,2.16,14.82,4.81,4.96,24.05
1238,2023-08-15,83.39,5.33,2.13,16.46,4.81,4.98,23.77
1239,2023-08-16,83.21,5.33,2.13,16.78,7.44,4.99,24.19
1240,2023-08-17,83.1,5.33,2.12,17.89,7.44,4.98,24.0
1241,2023-08-18,83.19,5.33,2.13,17.3,7.44,4.97,23.76
1242,2023-08-19,83.19,5.33,2.13,17.3,7.44,4.97,23.76
1243,2023-08-20,83.19,5.33,2.13,17.3,7.44,4.97,23.76
1244,2023-08-21,83.12,5.33,2.13,17.13,7.44,4.98,23.4
1245,2023-08-22,83.07,5.33,2.14,16.97,7.44,4.94,23.4
1246,2023-08-23,82.55,5.33,2.15,15.98,7.44,4.85,23.85
1247,2023-08-24,82.59,5.33,2.15,17.2,7.44,4.88,24.29
1248,2023-08-25,82.56,5.33,2.15,15.68,7.44,4.87,24.83
1249,2023-08-26,82.56,5.33,2.15,15.68,7.44,4.87,24.83
1250,2023-08-27,82.56,5.33,2.15,15.68,7.44,4.87,24.83
1251,2023-08-28,82.66,5.33,2.16,15.08,7.44,4.87,25.57
1252,2023-08-29,82.66,5.33,2.16,14.45,7.44,4.86,25.45
1253,2023-08-30,82.76,5.33,2.17,13.88,7.44,4.89,25.34
1254,2023-08-31,82.66,5.33,2.17,13.57,7.44,4.96,25.06
1255,2023-09-01,82.73,5.33,2.27,13.09,7.44,4.95,25.81
1256,2023-09-02,82.73,5.33,2.27,13.09,7.44,4.95,25.81
1257,2023-09-03,82.73,5.33,2.27,13.09,7.44,4.95,25.81
1258,2023-09-04,82.78,5.33,2.27,13.82,7.44,4.94,25.81
1259,2023-09-05,83.18,5.33,2.26,14.01,7.44,4.97,26.65
1260,2023-09-06,83.3,5.33,2.24,14.45,7.44,4.97,26.22
1261,2023-09-07,83.19,5.33,2.26,14.4,7.44,4.98,26.68
1262,2023-09-08,82.99,5.33,2.27,13.84,7.44,4.98,26.31
1263,2023-09-09,82.99,5.33,2.27,13.84,7.44,4.98,26.31
1264,2023-09-10,82.99,5.33,2.27,13.84,7.44,4.98,26.31
1265,2023-09-11,82.98,5.33,2.3,13.8,7.44,4.93,26.4
1266,2023-09-12,82.91,5.33,2.29,14.23,7.44,4.95,26.83
1267,2023-09-13,83.02,5.33,2.38,13.48,7.44,4.92,26.54
1268,2023-09-14,83.1,5.33,2.4,12.82,6.83,4.87,26.98
1269,2023-09-15,83.13,5.33,2.36,13.79,6.83,4.87,26.91
1270,2023-09-16,83.13,5.33,2.36,13.79,6.83,4.87,26.91
1271,2023-09-17,83.13,5.33,2.36,13.79,6.83,4.87,26.91
1272,2023-09-18,83.23,5.33,2.33,14.0,6.83,4.85,27.11
1273,2023-09-19,83.29,5.33,2.31,14.11,6.83,4.87,27.44
1274,2023-09-20,83.07,5.33,2.34,15.14,6.83,4.88,26.79
1275,2023-09-21,83.11,5.33,2.33,17.54,6.83,4.94,26.93
1276,2023-09-22,83.12,5.33,2.35,17.2,6.83,4.94,26.97
1277,2023-09-23,83.12,5.33,2.35,17.2,6.83,4.94,26.97
1278,2023-09-24,83.12,5.33,2.35,17.2,6.83,4.94,26.97
1279,2023-09-25,83.14,5.33,2.35,16.9,6.83,4.96,26.31
1280,2023-09-26,83.31,5.33,2.35,18.94,6.83,4.99,26.02
1281,2023-09-27,83.28,5.33,2.35,18.22,6.83,5.05,26.13
1282,2023-09-28,83.17,5.33,2.35,17.34,6.83,5.03,26.73
1283,2023-09-29,83.18,5.33,2.35,17.52,6.83,5.03,26.27
1284,2023-09-30,83.18,5.33,2.35,17.52,6.83,5.03,26.27
1285,2023-10-01,83.18,5.33,2.35,17.52,6.83,5.03,26.27
1286,2023-10-02,83.26,5.33,2.23,17.61,6.83,5.06,26.27
1287,2023-10-03,83.25,5.33,2.25,19.78,6.83,5.17,25.67
1288,2023-10-04,83.34,5.33,2.24,18.58,6.83,5.16,25.93
1289,2023-10-05,83.32,5.33,2.24,18.49,6.83,5.17,26.16
1290,2023-10-06,83.11,5.33,2.27,17.45,6.83,5.15,26.74
1291,2023-10-07,83.11,5.33,2.27,17.45,6.83,5.15,26.74
1292,2023-10-08,83.11,5.33,2.27,17.45,6.83,5.15,26.74
1293,2023-10-09,83.32,5.33,2.28,17.7,6.83,5.13,27.18
1294,2023-10-10,83.22,5.33,2.3,17.03,6.83,5.05,27.05
1295,2023-10-11,83.21,5.33,2.25,16.09,6.83,5.05,26.4
1296,2023-10-12,83.3,5.33,2.25,16.69,6.83,5.05,26.35
1297,2023-10-13,83.35,5.33,2.28,19.32,6.83,5.08,27.03
1298,2023-10-14,83.35,5.33,2.28,19.32,6.83,5.08,27.03
1299,2023-10-15,83.35,5.33,2.28,19.32,6.83,5.08,27.03
1300,2023-10-16,83.2,5.33,2.26,17.21,5.02,5.04,27.05
1301,2023-10-17,83.28,5.33,2.27,17.88,5.02,5.04,27.49
1302,2023-10-18,83.29,5.33,2.31,19.22,5.02,5.06,27.48
1303,2023-10-19,83.19,5.33,2.33,21.4,5.02,5.06,27.29
1304,2023-10-20,83.26,5.33,2.34,21.4,5.02,5.04,26.85
1305,2023-10-21,83.26,5.33,2.34,21.4,5.02,5.04,26.85
1306,2023-10-22,83.26,5.33,2.34,21.4,5.02,5.04,26.85
1307,2023-10-23,83.09,5.33,2.31,20.37,5.02,5.01,27.48
1308,2023-10-24,83.01,5.33,2.3,18.97,5.02,4.99,27.53
1309,2023-10-25,83.18,5.33,2.29,20.19,5.02,5.0,27.63
1310,2023-10-26,83.34,5.33,2.29,20.68,5.02,4.99,27.04
1311,2023-10-27,83.4,5.33,2.29,21.27,5.02,5.02,27.34
1312,2023-10-28,83.4,5.33,2.29,21.27,5.02,5.02,27.34
1313,2023-10-29,83.4,5.33,2.29,21.27,5.02,5.02,27.34
1314,2023-10-30,83.3,5.33,2.29,19.75,5.02,5.04,26.75
1315,2023-10-31,83.34,5.33,2.27,18.14,5.02,5.04,27.09
1316,2023-11-01,83.27,5.33,1.86,16.87,5.02,4.96,27.51
1317,2023-11-02,83.3,5.33,1.85,15.66,5.02,4.95,27.48
1318,2023-11-03,83.17,5.33,1.92,14.91,5.02,4.9,27.77
1319,2023-11-04,83.17,5.33,1.92,14.91,5.02,4.9,27.77
1320,2023-11-05,83.17,5.33,1.92,14.91,5.02,4.9,27.77
1321,2023-11-06,83.23,5.33,1.84,14.89,5.02,4.88,27.95
1322,2023-11-07,83.24,5.33,1.81,14.81,5.02,4.87,27.59
1323,2023-11-08,83.27,5.33,1.89,14.45,5.02,4.91,27.21
1324,2023-11-09,83.27,5.33,1.87,15.29,5.02,4.94,27.78
1325,2023-11-10,83.3,5.33,1.86,14.17,5.02,4.91,27.29
1326,2023-11-11,83.3,5.33,1.86,14.17,5.02,4.91,27.29
1327,2023-11-12,83.3,5.33,1.86,14.17,5.02,4.91,27.29
1328,2023-11-13,83.12,5.33,1.88,14.76,5.02,4.91,27.71
1329,2023-11-14,82.97,5.33,1.88,14.16,5.02,4.87,27.18
1330,2023-11-15,83.18,5.33,1.89,14.18,5.02,4.86,27.15
1331,2023-11-16,83.22,5.33,1.89,14.32,4.87,4.86,27.19
1332,2023-11-17,83.29,5.33,1.88,13.8,4.87,4.91,27.18
1333,2023-11-18,83.29,5.33,1.88,13.8,4.87,4.91,27.18
1334,2023-11-19,83.29,5.33,1.88,13.8,4.87,4.91,27.18
1335,2023-11-20,83.36,5.33,1.81,13.41,4.87,4.85,27.56
1336,2023-11-21,83.34,5.33,1.8,13.35,4.87,4.9,27.75
1337,2023-11-22,83.31,5.33,1.79,12.85,4.87,4.91,27.22
1338,2023-11-23,83.34,5.33,1.79,12.8,4.87,4.9,27.22
1339,2023-11-24,83.34,5.33,1.77,12.46,4.87,4.9,26.98
1340,2023-11-25,83.34,5.33,1.77,12.46,4.87,4.9,26.98
1341,2023-11-26,83.34,5.33,1.77,12.46,4.87,4.9,26.98
1342,2023-11-27,83.36,5.33,1.75,12.69,4.87,4.9,27.2
1343,2023-11-28,83.37,5.33,1.74,12.69,4.87,4.87,26.99
1344,2023-11-29,83.35,5.33,1.75,12.98,4.87,4.9,26.86
1345,2023-11-30,83.42,5.33,1.79,12.92,4.87,4.92,26.04
1346,2023-12-01,83.42,5.33,1.79,12.92,4.87,4.92,26.04
1347,2023-12-02,83.42,5.33,1.79,12.92,4.87,4.92,26.04
1348,2023-12-03,83.42,5.33,1.79,12.92,4.87,4.92,26.04
1349,2023-12-04,83.42,5.33,1.79,12.92,4.87,4.92,26.04
1350,2023-12-05,83.39,5.33,1.75,12.85,4.87,4.93,24.96
1351,2023-12-06,83.35,5.33,1.73,12.97,4.87,4.9,23.0
1352,2023-12-07,83.4,5.33,1.72,13.06,4.87,4.91,23.03
1353,2023-12-08,83.43,5.33,1.73,12.35,4.87,4.93,23.36
1354,2023-12-09,83.43,5.33,1.73,12.35,4.87,4.93,23.36
1355,2023-12-10,83.43,5.33,1.73,12.35,4.87,4.93,23.36
1356,2023-12-11,83.35,5.33,1.71,12.63,4.87,4.94,22.47
1357,2023-12-12,83.39,5.33,1.7,12.07,4.87,4.96,22.59
1358,2023-12-13,83.26,5.33,1.68,12.19,4.87,4.92,21.97
1359,2023-12-14,83.3,5.33,1.68,12.48,4.87,4.92,22.18
1360,2023-12-15,83.01,5.33,1.69,12.28,4.87,4.94,21.99
1361,2023-12-16,83.01,5.33,1.69,12.28,4.87,4.94,21.99
1362,2023-12-17,83.01,5.33,1.69,12.28,4.87,4.94,21.99
1363,2023-12-18,83.16,5.33,1.68,12.56,5.55,4.9,21.31
1364,2023-12-19,83.16,5.33,1.67,12.53,5.55,4.87,21.43
1365,2023-12-20,83.2,5.33,1.66,13.67,5.55,4.92,20.92
1366,2023-12-21,83.22,5.33,1.67,13.65,5.55,4.88,20.24
1367,2023-12-22,83.31,5.33,1.67,13.03,5.55,4.86,20.62
1368,2023-12-23,83.31,5.33,1.67,13.03,5.55,4.86,20.62
1369,2023-12-24,83.31,5.33,1.67,13.03,5.55,4.86,20.62
1370,2023-12-25,83.31,5.33,1.67,13.03,5.55,4.86,20.62
1371,2023-12-26,83.22,5.33,1.67,12.99,5.55,4.82,20.53
1372,2023-12-27,83.3,5.33,1.68,12.43,5.55,4.83,20.6
1373,2023-12-28,83.17,5.33,1.59,12.47,5.55,4.85,21.76
1374,2023-12-29,83.19,5.33,1.58,12.49,5.55,4.85,20.58
1375,2023-12-30,83.19,5.33,1.58,12.49,5.55,4.85,20.58
1376,2023-12-31,83.19,5.33,1.58,12.49,5.55,4.85,20.58
1377,2024-01-01,83.19,5.34,1.58,12.45,5.55,4.85,20.58
1378,2024-01-02,83.26,5.33,1.52,13.2,5.55,4.92,20.9
1379,2024-01-03,83.29,5.33,1.53,14.04,5.55,4.92,20.85
1380,2024-01-04,83.25,5.33,1.56,14.13,5.55,4.9,21.08
1381,2024-01-05,83.11,5.33,1.58,13.35,5.55,4.88,21.11
1382,2024-01-06,83.11,5.33,1.58,13.35,5.55,4.88,21.11
1383,2024-01-07,83.11,5.33,1.58,13.35,5.55,4.88,21.11
1384,2024-01-08,83.04,5.33,1.58,13.08,5.55,4.87,21.74
1385,2024-01-09,83.12,5.33,1.62,12.76,5.55,4.91,21.7
1386,2024-01-10,83.03,5.33,1.58,12.69,5.55,4.89,21.41
1387,2024-01-11,83.08,5.33,1.58,12.44,5.55,4.87,21.76
1388,2024-01-12,82.86,5.33,1.58,12.7,5.55,4.85,21.61
1389,2024-01-13,82.86,5.33,1.58,12.7,5.55,4.85,21.61
1390,2024-01-14,82.86,5.33,1.58,12.7,5.55,4.85,21.61
1391,2024-01-15,82.83,5.33,1.58,13.25,5.55,4.86,21.61
1392,2024-01-16,83.07,5.33,1.61,13.84,5.69,4.93,22.52
1393,2024-01-17,83.17,5.33,1.57,14.79,5.69,4.94,22.35
1394,2024-01-18,83.14,5.33,1.58,14.13,5.69,4.93,23.04
1395,2024-01-19,83.11,5.33,1.59,13.3,5.69,4.93,23.57
1396,2024-01-20,83.11,5.33,1.59,13.3,5.69,4.93,23.57
1397,2024-01-21,83.11,5.33,1.59,13.3,5.69,4.93,23.57
1398,2024-01-22,83.12,5.33,1.59,13.19,5.69,4.99,23.5
1399,2024-01-23,83.17,5.33,1.59,12.55,5.69,4.95,23.75
1400,2024-01-24,83.15,5.33,1.59,13.14,5.69,4.93,24.46
1401,2024-01-25,83.12,5.33,1.58,13.45,5.69,4.92,24.04
1402,2024-01-26,83.12,5.33,1.59,13.26,5.69,4.92,23.77
1403,2024-01-27,83.12,5.33,1.59,13.26,5.69,4.92,23.77
1404,2024-01-28,83.12,5.33,1.59,13.26,5.69,4.92,23.77
1405,2024-01-29,83.14,5.33,1.59,13.6,5.69,4.95,23.53
1406,2024-01-30,83.11,5.33,1.59,13.31,5.69,4.95,23.91
1407,2024-01-31,83.08,5.33,1.59,14.35,5.69,4.95,24.13
1408,2024-02-01,82.93,5.33,1.61,13.88,5.69,4.92,23.56
1409,2024-02-02,83.01,5.33,1.58,13.85,5.69,4.97,23.89
1410,2024-02-03,83.01,5.33,1.58,13.85,5.69,4.97,23.89
1411,2024-02-04,83.01,5.33,1.58,13.85,5.69,4.97,23.89
1412,2024-02-05,83.04,5.33,1.57,13.67,5.69,4.99,23.53
1413,2024-02-06,83.07,5.33,1.57,13.06,5.69,4.96,23.56
1414,2024-02-07,82.98,5.33,1.57,12.83,5.69,4.97,23.88
1415,2024-02-08,82.98,5.33,1.58,12.79,5.69,4.99,23.98
1416,2024-02-09,83.01,5.33,1.59,12.93,5.69,4.95,24.02
1417,2024-02-10,83.01,5.33,1.59,12.93,5.69,4.95,24.02
1418,2024-02-11,83.01,5.33,1.59,12.93,5.69,4.95,24.02
1419,2024-02-12,82.98,5.33,1.58,13.93,5.69,4.95,23.56
1420,2024-02-13,83.1,5.33,1.56,15.85,5.1,4.95,23.3
1421,2024-02-14,83.03,5.33,1.54,14.38,5.1,4.97,23.37
1422,2024-02-15,82.99,5.33,1.51,14.01,5.1,4.97,22.82
1423,2024-02-16,83.01,5.33,1.51,14.24,5.1,4.97,23.08
1424,2024-02-17,83.01,5.33,1.51,14.24,5.1,4.97,23.08
1425,2024-02-18,83.01,5.33,1.51,14.24,5.1,4.97,23.08
1426,2024-02-19,83.02,5.33,1.51,14.71,5.1,4.96,23.08
1427,2024-02-20,82.89,5.33,1.51,15.42,5.1,4.93,22.75
1428,2024-02-21,82.93,5.33,1.51,15.34,5.1,4.94,22.77
1429,2024-02-22,82.86,5.33,1.51,14.54,5.1,4.96,22.83
1430,2024-02-23,82.88,5.33,1.51,13.79,5.1,4.99,22.62
1431,2024-02-24,82.88,5.33,1.51,13.79,5.1,4.99,22.62
1432,2024-02-25,82.88,5.33,1.51,13.79,5.1,4.99,22.62
1433,2024-02-26,82.88,5.33,1.51,13.74,5.1,4.98,23.15
1434,2024-02-27,82.91,5.33,1.5,13.43,5.1,4.93,23.84
1435,2024-02-28,82.91,5.33,1.5,13.43,5.1,4.93,23.84
1436,2024-02-29,82.9,5.33,1.5,13.4,5.1,4.97,22.58
1437,2024-03-01,82.84,5.33,1.48,13.11,5.1,4.96,22.58
1438,2024-03-02,82.84,5.33,1.48,13.11,5.1,4.96,22.58
1439,2024-03-03,82.84,5.33,1.48,13.11,5.1,4.96,22.58
1440,2024-03-04,82.91,5.33,1.52,13.49,5.1,4.95,20.6
1441,2024-03-05,82.9,5.33,1.51,14.46,5.1,4.96,20.87
1442,2024-03-06,82.82,5.33,1.56,14.5,5.1,4.95,21.45
1443,2024-03-07,82.72,5.33,1.57,14.44,5.1,4.94,21.28
1444,2024-03-08,82.72,5.33,1.57,14.44,5.1,4.94,21.15
1445,2024-03-09,82.72,5.33,1.57,14.44,5.1,4.94,21.15
1446,2024-03-10,82.72,5.33,1.57,14.44,5.1,4.94,21.15
1447,2024-03-11,82.74,5.33,1.57,15.22,5.1,4.98,21.95
1448,2024-03-12,82.78,5.33,1.59,13.84,5.09,4.97,21.89
1449,2024-03-13,82.84,5.33,1.63,13.75,5.09,4.97,21.93
1450,2024-03-14,82.96,5.33,1.63,14.4,5.09,4.99,21.77
1451,2024-03-15,82.89,5.33,1.62,14.41,5.09,5.0,22.12
1452,2024-03-16,82.89,5.33,1.62,14.41,5.09,5.0,22.12
1453,2024-03-17,82.89,5.33,1.62,14.41,5.09,5.0,22.12
1454,2024-03-18,82.94,5.33,1.61,14.33,5.09,5.03,22.16
1455,2024-03-19,83.02,5.33,1.58,13.82,5.09,5.03,21.64
1456,2024-03-20,83.09,5.33,1.58,13.04,5.09,4.97,21.77
1457,2024-03-21,83.23,5.33,1.59,12.92,5.09,4.98,22.06
1458,2024-03-22,83.61,5.33,1.59,13.06,5.09,5.0,21.85
1459,2024-03-23,83.61,5.33,1.59,13.06,5.09,5.0,21.85
1460,2024-03-24,83.61,5.33,1.59,13.06,5.09,5.0,21.85
1461,2024-03-25,83.43,5.33,1.59,13.19,5.09,4.98,21.95
1462,2024-03-26,83.34,5.33,1.58,13.24,5.09,4.98,22.39
1463,2024-03-27,83.37,5.33,1.57,12.78,5.09,4.99,22.19
1464,2024-03-28,83.37,5.33,1.58,13.01,5.09,5.01,22.52
1465,2024-03-29,83.35,5.33,1.58,13.01,5.09,5.02,22.52
1466,2024-03-30,83.35,5.33,1.58,13.01,5.09,5.02,22.52
1467,2024-03-31,83.35,5.33,1.58,13.01,5.09,5.02,22.52
1468,2024-04-01,83.37,5.33,1.64,13.65,5.09,5.05,22.72
1469,2024-04-02,83.35,5.33,1.63,14.61,5.09,5.06,22.32
1470,2024-04-03,83.48,5.33,1.64,14.33,5.09,5.04,22.22
1471,2024-04-04,83.48,5.33,1.65,16.35,5.09,5.05,22.36
1472,2024-04-05,83.32,5.33,1.66,16.03,5.09,5.07,21.99
1473,2024-04-06,83.32,5.33,1.66,16.03,5.09,5.07,21.99
1474,2024-04-07,83.32,5.33,1.66,16.03,5.09,5.07,21.99
1475,2024-04-08,83.29,5.33,1.68,15.19,5.09,5.03,21.59
1476,2024-04-09,83.22,5.33,1.68,14.98,5.09,5.01,21.49
1477,2024-04-10,83.4,5.33,1.66,15.8,5.09,5.07,21.46
1478,2024-04-11,83.35,5.33,1.63,14.91,5.09,5.09,20.85
1479,2024-04-12,83.35,5.33,1.63,14.91,5.09,5.09,20.85
1480,2024-04-13,83.35,5.33,1.63,14.91,4.85,5.09,20.85
1481,2024-04-14,83.35,5.33,1.63,14.91,4.85,5.09,20.85
1482,2024-04-15,83.51,5.33,1.64,19.23,4.85,5.19,20.02
1483,2024-04-16,83.65,5.33,1.65,18.39,4.85,5.28,19.63
1484,2024-04-17,83.55,5.33,1.64,18.21,4.85,5.24,19.32
1485,2024-04-18,83.57,5.33,1.64,18.0,4.85,5.25,19.59
1486,2024-04-19,83.38,5.33,1.65,18.71,4.85,5.2,19.73
1487,2024-04-20,83.38,5.33,1.65,18.71,4.85,5.2,19.73
1488,2024-04-21,83.38,5.33,1.65,18.71,4.85,5.2,19.73
1489,2024-04-22,83.38,5.33,1.65,16.94,4.85,5.17,19.8
1490,2024-04-23,83.28,5.33,1.66,15.69,4.85,5.13,19.91
1491,2024-04-24,83.33,5.33,1.66,15.97,4.85,5.15,20.0
1492,2024-04-25,83.27,5.33,1.71,15.37,4.85,5.16,19.48
1493,2024-04-26,83.4,5.33,1.71,15.03,4.85,5.12,19.4
1494,2024-04-27,83.4,5.33,1.71,15.03,4.85,5.12,19.4
1495,2024-04-28,83.4,5.33,1.71,15.03,4.85,5.12,19.4
1496,2024-04-29,83.44,5.33,1.71,14.67,4.85,5.12,20.2
1497,2024-04-30,83.5,5.33,1.71,15.65,4.85,5.19,19.71
1498,2024-05-01,83.41,5.33,1.7,15.39,4.85,5.2,19.22
1499,2024-05-02,83.39,5.33,1.73,14.68,4.85,5.11,19.25
1500,2024-05-03,83.38,5.33,1.73,13.49,4.85,5.07,19.28
1501,2024-05-04,83.38,5.33,1.73,13.49,4.85,5.07,19.28
1502,2024-05-05,83.38,5.33,1.73,13.49,4.85,5.07,19.28
1503,2024-05-06,83.47,5.33,1.74,13.49,4.85,5.08,19.48
1504,2024-05-07,83.47,5.33,1.75,13.23,4.85,5.07,19.95
1505,2024-05-08,83.47,5.33,1.77,13.0,4.85,5.09,19.6
1506,2024-05-09,83.46,5.33,1.78,12.69,4.85,5.14,19.58
1507,2024-05-10,83.55,5.33,1.79,12.55,4.85,5.16,19.3
1508,2024-05-11,83.55,5.33,1.79,12.55,4.85,5.16,19.3
1509,2024-05-12,83.55,5.33,1.79,12.55,4.85,5.16,19.3
1510,2024-05-13,83.5,5.33,1.8,13.6,4.83,5.15,18.63
1511,2024-05-14,83.49,5.33,1.8,13.42,4.83,5.13,18.87
1512,2024-05-15,83.42,5.33,1.8,12.45,4.83,5.14,18.65
1513,2024-05-16,83.48,5.33,1.78,12.42,4.83,5.13,18.33
1514,2024-05-17,83.3,5.33,1.77,11.99,4.83,5.1,18.13
1515,2024-05-18,83.3,5.33,1.77,11.99,4.83,5.1,18.13
1516,2024-05-19,83.3,5.33,1.77,11.99,4.83,5.1,18.13
1517,2024-05-20,83.31,5.33,1.78,12.15,4.83,5.1,18.68
1518,2024-05-21,83.32,5.33,1.77,11.86,4.83,5.12,18.56
1519,2024-05-22,83.28,5.33,1.78,12.29,4.83,5.15,18.23
1520,2024-05-23,83.29,5.33,1.77,12.77,4.83,5.14,18.26
1521,2024-05-24,83.05,5.33,1.78,11.93,4.83,5.17,18.41
1522,2024-05-25,83.05,5.33,1.78,11.93,4.83,5.17,18.41
1523,2024-05-26,83.05,5.33,1.78,11.93,4.83,5.17,18.41
1524,2024-05-27,83.13,5.33,1.78,12.36,4.83,5.17,18.41
1525,2024-05-28,83.13,5.33,1.78,12.36,4.83,5.17,18.41
1526,2024-05-29,83.38,5.33,1.78,14.28,4.83,5.2,18.35
1527,2024-05-30,83.32,5.33,1.78,14.47,4.83,5.2,18.19
1528,2024-05-31,83.45,5.33,1.8,12.92,4.83,5.25,18.3
1529,2024-06-01,83.45,5.33,1.8,12.92,4.83,5.25,18.3
1530,2024-06-02,83.45,5.33,1.8,12.92,4.83,5.25,18.3
1531,2024-06-03,83.1,5.33,1.79,13.11,4.83,5.24,18.78
1532,2024-06-04,83.58,5.33,1.81,13.16,4.83,5.29,18.86
1533,2024-06-05,83.41,5.33,1.79,12.63,4.83,5.3,19.13
1534,2024-06-06,83.47,5.33,1.82,12.63,4.83,5.26,19.22
1535,2024-06-07,83.52,5.33,1.81,12.22,4.83,5.34,19.0
1536,2024-06-08,83.52,5.33,1.81,12.22,4.83,5.34,19.0
1537,2024-06-09,83.52,5.33,1.81,12.22,4.83,5.34,19.0
1538,2024-06-10,83.52,5.33,1.83,12.74,4.83,5.35,18.63
1539,2024-06-11,83.6,5.33,1.83,12.85,4.83,5.37,18.79
1540,2024-06-12,83.5,5.33,1.89,12.04,4.75,5.41,19.1
