date,value
2015-08-27T00:00:00.000Z,50.05
2015-08-28T00:00:00.000Z,50.05
2015-08-31T00:00:00.000Z,49.56
2015-09-01T00:00:00.000Z,50.5
2015-09-02T00:00:00.000Z,50.68
2015-09-03T00:00:00.000Z,49.61
2015-09-04T00:00:00.000Z,49.61
2015-09-07T00:00:00.000Z,49.52
2015-09-08T00:00:00.000Z,47.58
2015-09-09T00:00:00.000Z,48.89
2015-09-10T00:00:00.000Z,48.14
2015-09-11T00:00:00.000Z,48.14
2015-09-14T00:00:00.000Z,46.63
2015-09-15T00:00:00.000Z,49.75
2015-09-16T00:00:00.000Z,49.08
2015-09-17T00:00:00.000Z,47.47
2015-09-18T00:00:00.000Z,47.47
2015-09-21T00:00:00.000Z,49.08
2015-09-22T00:00:00.000Z,47.75
2015-09-23T00:00:00.000Z,48.17
2015-09-24T00:00:00.000Z,48.6
2015-09-25T00:00:00.000Z,48.6
2015-09-28T00:00:00.000Z,48.23
2015-09-29T00:00:00.000Z,48.37
2015-09-30T00:00:00.000Z,47.69
2015-10-01T00:00:00.000Z,47.69
2015-10-02T00:00:00.000Z,47.69
2015-10-05T00:00:00.000Z,51.92
2015-10-06T00:00:00.000Z,51.33
2015-10-07T00:00:00.000Z,53.05
2015-10-08T00:00:00.000Z,52.65
2015-10-09T00:00:00.000Z,52.65
2015-10-12T00:00:00.000Z,49.24
2015-10-13T00:00:00.000Z,49.15
2015-10-14T00:00:00.000Z,48.71
2015-10-15T00:00:00.000Z,50.46
2015-10-16T00:00:00.000Z,50.46
2015-10-19T00:00:00.000Z,48.71
2015-10-20T00:00:00.000Z,47.85
2015-10-21T00:00:00.000Z,48.08
2015-10-22T00:00:00.000Z,47.99
2015-10-23T00:00:00.000Z,47.99
2015-10-26T00:00:00.000Z,46.81
2015-10-27T00:00:00.000Z,49.05
2015-10-28T00:00:00.000Z,48.8
2015-10-29T00:00:00.000Z,49.56
2015-10-30T00:00:00.000Z,49.56
2015-11-02T00:00:00.000Z,50.54
2015-11-03T00:00:00.000Z,48.58
2015-11-04T00:00:00.000Z,47.98
2015-11-05T00:00:00.000Z,47.42
2015-11-06T00:00:00.000Z,47.42
2015-11-09T00:00:00.000Z,47.44
2015-11-10T00:00:00.000Z,45.81
2015-11-11T00:00:00.000Z,44.06
2015-11-12T00:00:00.000Z,43.61
2015-11-13T00:00:00.000Z,43.61
2015-11-16T00:00:00.000Z,43.57
2015-11-17T00:00:00.000Z,44.14
2015-11-18T00:00:00.000Z,44.18
2015-11-19T00:00:00.000Z,44.66
2015-11-20T00:00:00.000Z,44.66
2015-11-23T00:00:00.000Z,46.12
2015-11-24T00:00:00.000Z,46.17
2015-11-25T00:00:00.000Z,45.46
2015-11-26T00:00:00.000Z,44.86
2015-11-27T00:00:00.000Z,44.86
2015-11-30T00:00:00.000Z,44.44
2015-12-01T00:00:00.000Z,42.49
2015-12-02T00:00:00.000Z,43.84
2015-12-03T00:00:00.000Z,43
2015-12-04T00:00:00.000Z,43
2015-12-07T00:00:00.000Z,40.26
2015-12-08T00:00:00.000Z,40.11
2015-12-09T00:00:00.000Z,39.73
2015-12-10T00:00:00.000Z,37.93
2015-12-11T00:00:00.000Z,37.93
2015-12-14T00:00:00.000Z,38.45
2015-12-15T00:00:00.000Z,37.19
2015-12-16T00:00:00.000Z,37.06
2015-12-17T00:00:00.000Z,36.88
2015-12-18T00:00:00.000Z,36.88
2015-12-21T00:00:00.000Z,36.11
2015-12-22T00:00:00.000Z,37.36
2015-12-23T00:00:00.000Z,37.89
2015-12-24T00:00:00.000Z,37.89
2015-12-25T00:00:00.000Z,37.89
2015-12-28T00:00:00.000Z,37.79
2015-12-29T00:00:00.000Z,36.46
2015-12-30T00:00:00.000Z,37.28
2015-12-31T00:00:00.000Z,37.28
2016-01-01T00:00:00.000Z,37.28
2016-01-04T00:00:00.000Z,36.42
2016-01-05T00:00:00.000Z,34.23
2016-01-06T00:00:00.000Z,33.75
2016-01-07T00:00:00.000Z,33.55
2016-01-08T00:00:00.000Z,33.55
2016-01-11T00:00:00.000Z,30.86
2016-01-12T00:00:00.000Z,30.31
2016-01-13T00:00:00.000Z,31.03
2016-01-14T00:00:00.000Z,28.94
2016-01-15T00:00:00.000Z,28.94
2016-01-18T00:00:00.000Z,28.76
2016-01-19T00:00:00.000Z,27.88
2016-01-20T00:00:00.000Z,29.25
2016-01-21T00:00:00.000Z,32.18
2016-01-22T00:00:00.000Z,32.18
2016-01-25T00:00:00.000Z,32.18
2016-01-26T00:00:00.000Z,33.1
2016-01-27T00:00:00.000Z,33.89
2016-01-28T00:00:00.000Z,34.74
2016-01-29T00:00:00.000Z,34.74
2016-02-01T00:00:00.000Z,32.72
2016-02-02T00:00:00.000Z,35.04
2016-02-03T00:00:00.000Z,34.46
2016-02-04T00:00:00.000Z,34.06
2016-02-05T00:00:00.000Z,34.06
2016-02-08T00:00:00.000Z,30.32
2016-02-09T00:00:00.000Z,30.84
2016-02-10T00:00:00.000Z,30.06
2016-02-11T00:00:00.000Z,33.36
2016-02-12T00:00:00.000Z,33.36
2016-02-15T00:00:00.000Z,32.18
2016-02-16T00:00:00.000Z,34.5
2016-02-17T00:00:00.000Z,34.28
2016-02-18T00:00:00.000Z,33.01
2016-02-19T00:00:00.000Z,33.01
2016-02-22T00:00:00.000Z,33.27
2016-02-23T00:00:00.000Z,34.41
2016-02-24T00:00:00.000Z,35.29
2016-02-25T00:00:00.000Z,35.1
2016-02-26T00:00:00.000Z,35.1
2016-02-29T00:00:00.000Z,36.81
2016-03-01T00:00:00.000Z,36.93
2016-03-02T00:00:00.000Z,37.07
2016-03-03T00:00:00.000Z,38.72
2016-03-04T00:00:00.000Z,38.72
2016-03-07T00:00:00.000Z,39.65
2016-03-08T00:00:00.000Z,41.07
2016-03-09T00:00:00.000Z,40.05
2016-03-10T00:00:00.000Z,40.39
2016-03-11T00:00:00.000Z,40.39
2016-03-14T00:00:00.000Z,38.74
2016-03-15T00:00:00.000Z,40.33
2016-03-16T00:00:00.000Z,41.54
2016-03-17T00:00:00.000Z,41.2
2016-03-18T00:00:00.000Z,41.2
2016-03-21T00:00:00.000Z,41.79
2016-03-22T00:00:00.000Z,40.47
2016-03-23T00:00:00.000Z,40.44
2016-03-24T00:00:00.000Z,40.44
2016-03-25T00:00:00.000Z,40.44
2016-03-28T00:00:00.000Z,39.14
2016-03-29T00:00:00.000Z,39.26
2016-03-30T00:00:00.000Z,39.6
2016-03-31T00:00:00.000Z,38.67
2016-04-01T00:00:00.000Z,38.67
2016-04-04T00:00:00.000Z,37.87
2016-04-05T00:00:00.000Z,39.84
2016-04-06T00:00:00.000Z,39.43
2016-04-07T00:00:00.000Z,41.94
2016-04-08T00:00:00.000Z,41.94
2016-04-11T00:00:00.000Z,44.69
2016-04-12T00:00:00.000Z,44.18
2016-04-13T00:00:00.000Z,43.84
2016-04-14T00:00:00.000Z,43.1
2016-04-15T00:00:00.000Z,43.1
2016-04-18T00:00:00.000Z,44.03
2016-04-19T00:00:00.000Z,45.8
2016-04-20T00:00:00.000Z,44.53
2016-04-21T00:00:00.000Z,45.11
2016-04-22T00:00:00.000Z,45.11
2016-04-25T00:00:00.000Z,45.74
2016-04-26T00:00:00.000Z,47.18
2016-04-27T00:00:00.000Z,48.14
2016-04-28T00:00:00.000Z,48.13
2016-04-29T00:00:00.000Z,48.13
2016-05-02T00:00:00.000Z,44.97
2016-05-03T00:00:00.000Z,44.62
2016-05-04T00:00:00.000Z,45.01
2016-05-05T00:00:00.000Z,45.37
2016-05-06T00:00:00.000Z,45.37
2016-05-09T00:00:00.000Z,45.52
2016-05-10T00:00:00.000Z,47.6
2016-05-11T00:00:00.000Z,48.08
2016-05-12T00:00:00.000Z,47.83
2016-05-13T00:00:00.000Z,47.83
2016-05-16T00:00:00.000Z,49.28
2016-05-17T00:00:00.000Z,48.93
2016-05-18T00:00:00.000Z,48.81
2016-05-19T00:00:00.000Z,48.72
2016-05-20T00:00:00.000Z,48.72
2016-05-23T00:00:00.000Z,48.61
2016-05-24T00:00:00.000Z,49.74
2016-05-25T00:00:00.000Z,49.59
2016-05-26T00:00:00.000Z,49.32
2016-05-27T00:00:00.000Z,49.32
2016-05-30T00:00:00.000Z,49.69
2016-05-31T00:00:00.000Z,49.72
2016-06-01T00:00:00.000Z,50.04
2016-06-02T00:00:00.000Z,49.64
2016-06-03T00:00:00.000Z,49.64
2016-06-06T00:00:00.000Z,51.44
2016-06-07T00:00:00.000Z,52.51
2016-06-08T00:00:00.000Z,51.95
2016-06-09T00:00:00.000Z,50.54
2016-06-10T00:00:00.000Z,50.54
2016-06-13T00:00:00.000Z,49.83
2016-06-14T00:00:00.000Z,48.97
2016-06-15T00:00:00.000Z,47.19
2016-06-16T00:00:00.000Z,49.17
2016-06-17T00:00:00.000Z,49.17
2016-06-20T00:00:00.000Z,50.62
2016-06-21T00:00:00.000Z,49.88
2016-06-22T00:00:00.000Z,50.91
2016-06-23T00:00:00.000Z,48.41
2016-06-24T00:00:00.000Z,48.41
2016-06-27T00:00:00.000Z,48.58
2016-06-28T00:00:00.000Z,50.61
2016-06-29T00:00:00.000Z,49.68
2016-06-30T00:00:00.000Z,50.35
2016-07-01T00:00:00.000Z,50.35
2016-07-04T00:00:00.000Z,47.96
2016-07-05T00:00:00.000Z,48.8
2016-07-06T00:00:00.000Z,46.4
2016-07-07T00:00:00.000Z,46.76
2016-07-08T00:00:00.000Z,46.76
2016-07-11T00:00:00.000Z,48.47
2016-07-12T00:00:00.000Z,46.26
2016-07-13T00:00:00.000Z,47.37
2016-07-14T00:00:00.000Z,47.61
2016-07-15T00:00:00.000Z,47.61
2016-07-18T00:00:00.000Z,46.66
2016-07-19T00:00:00.000Z,47.17
2016-07-20T00:00:00.000Z,46.2
2016-07-21T00:00:00.000Z,45.69
2016-07-22T00:00:00.000Z,45.69
2016-07-25T00:00:00.000Z,44.87
2016-07-26T00:00:00.000Z,43.47
2016-07-27T00:00:00.000Z,42.7
2016-07-28T00:00:00.000Z,42.46
2016-07-29T00:00:00.000Z,42.46
2016-08-01T00:00:00.000Z,41.8
2016-08-02T00:00:00.000Z,43.1
2016-08-03T00:00:00.000Z,44.29
2016-08-04T00:00:00.000Z,44.27
2016-08-05T00:00:00.000Z,44.27
2016-08-08T00:00:00.000Z,44.98
2016-08-09T00:00:00.000Z,44.05
2016-08-10T00:00:00.000Z,46.04
2016-08-11T00:00:00.000Z,46.97
2016-08-12T00:00:00.000Z,46.97
2016-08-15T00:00:00.000Z,49.23
2016-08-16T00:00:00.000Z,49.85
2016-08-17T00:00:00.000Z,50.89
2016-08-18T00:00:00.000Z,50.88
2016-08-19T00:00:00.000Z,50.88
2016-08-22T00:00:00.000Z,49.96
2016-08-23T00:00:00.000Z,49.05
2016-08-24T00:00:00.000Z,49.67
2016-08-25T00:00:00.000Z,49.92
2016-08-26T00:00:00.000Z,49.92
2016-08-29T00:00:00.000Z,48.37
2016-08-30T00:00:00.000Z,47.04
2016-08-31T00:00:00.000Z,45.45
2016-09-01T00:00:00.000Z,46.83
2016-09-02T00:00:00.000Z,46.83
2016-09-05T00:00:00.000Z,47.26
2016-09-06T00:00:00.000Z,47.98
2016-09-07T00:00:00.000Z,49.99
2016-09-08T00:00:00.000Z,48.01
2016-09-09T00:00:00.000Z,48.01
2016-09-12T00:00:00.000Z,47.1
2016-09-13T00:00:00.000Z,45.85
2016-09-14T00:00:00.000Z,46.59
2016-09-15T00:00:00.000Z,45.77
2016-09-16T00:00:00.000Z,45.77
2016-09-19T00:00:00.000Z,45.88
2016-09-20T00:00:00.000Z,46.83
2016-09-21T00:00:00.000Z,47.65
2016-09-22T00:00:00.000Z,45.89
2016-09-23T00:00:00.000Z,45.89
2016-09-26T00:00:00.000Z,45.97
2016-09-27T00:00:00.000Z,48.69
2016-09-28T00:00:00.000Z,49.24
2016-09-29T00:00:00.000Z,49.06
2016-09-30T00:00:00.000Z,49.06
2016-10-03T00:00:00.000Z,50.87
2016-10-04T00:00:00.000Z,51.86
2016-10-05T00:00:00.000Z,52.51
2016-10-06T00:00:00.000Z,51.93
2016-10-07T00:00:00.000Z,51.93
2016-10-10T00:00:00.000Z,52.41
2016-10-11T00:00:00.000Z,51.81
2016-10-12T00:00:00.000Z,52.03
2016-10-13T00:00:00.000Z,51.95
2016-10-14T00:00:00.000Z,51.95
2016-10-17T00:00:00.000Z,51.68
2016-10-18T00:00:00.000Z,52.67
2016-10-19T00:00:00.000Z,51.38
2016-10-20T00:00:00.000Z,51.78
2016-10-21T00:00:00.000Z,51.78
2016-10-24T00:00:00.000Z,50.79
2016-10-25T00:00:00.000Z,49.98
2016-10-26T00:00:00.000Z,50.47
2016-10-27T00:00:00.000Z,49.71
2016-10-28T00:00:00.000Z,49.71
2016-10-31T00:00:00.000Z,48.14
2016-11-01T00:00:00.000Z,46.86
2016-11-02T00:00:00.000Z,46.35
2016-11-03T00:00:00.000Z,45.58
2016-11-04T00:00:00.000Z,45.58
2016-11-07T00:00:00.000Z,46.04
2016-11-08T00:00:00.000Z,46.36
2016-11-09T00:00:00.000Z,45.84
2016-11-10T00:00:00.000Z,44.75
2016-11-11T00:00:00.000Z,44.75
2016-11-14T00:00:00.000Z,46.95
2016-11-15T00:00:00.000Z,46.63
2016-11-16T00:00:00.000Z,46.49
2016-11-17T00:00:00.000Z,46.86
2016-11-18T00:00:00.000Z,46.86
2016-11-21T00:00:00.000Z,49.12
2016-11-22T00:00:00.000Z,48.95
2016-11-23T00:00:00.000Z,49
2016-11-24T00:00:00.000Z,47.24
2016-11-25T00:00:00.000Z,47.24
2016-11-28T00:00:00.000Z,46.38
2016-11-29T00:00:00.000Z,50.47
2016-11-30T00:00:00.000Z,53.94
2016-12-01T00:00:00.000Z,54.46
2016-12-02T00:00:00.000Z,54.46
2016-12-05T00:00:00.000Z,53.93
2016-12-06T00:00:00.000Z,53
2016-12-07T00:00:00.000Z,53.89
2016-12-08T00:00:00.000Z,54.33
2016-12-09T00:00:00.000Z,54.33
2016-12-12T00:00:00.000Z,55.72
2016-12-13T00:00:00.000Z,53.9
2016-12-14T00:00:00.000Z,54.02
2016-12-15T00:00:00.000Z,55.21
2016-12-16T00:00:00.000Z,55.21
2016-12-19T00:00:00.000Z,55.35
2016-12-20T00:00:00.000Z,54.46
2016-12-21T00:00:00.000Z,55.05
2016-12-22T00:00:00.000Z,55.16
2016-12-23T00:00:00.000Z,55.16
2016-12-26T00:00:00.000Z,56.09
2016-12-27T00:00:00.000Z,56.22
2016-12-28T00:00:00.000Z,56.14
2016-12-29T00:00:00.000Z,56.82
2016-12-30T00:00:00.000Z,56.82
2017-01-02T00:00:00.000Z,55.47
2017-01-03T00:00:00.000Z,56.46
2017-01-04T00:00:00.000Z,56.89
2017-01-05T00:00:00.000Z,57.1
2017-01-06T00:00:00.000Z,57.1
2017-01-09T00:00:00.000Z,53.64
2017-01-10T00:00:00.000Z,55.1
2017-01-11T00:00:00.000Z,56.01
2017-01-12T00:00:00.000Z,55.45
2017-01-13T00:00:00.000Z,55.45
2017-01-16T00:00:00.000Z,55.47
2017-01-17T00:00:00.000Z,53.92
2017-01-18T00:00:00.000Z,54.16
2017-01-19T00:00:00.000Z,55.49
2017-01-20T00:00:00.000Z,55.49
2017-01-23T00:00:00.000Z,55.44
2017-01-24T00:00:00.000Z,55.08
2017-01-25T00:00:00.000Z,55.08
2017-01-26T00:00:00.000Z,55.52
2017-01-27T00:00:00.000Z,55.52
2017-01-30T00:00:00.000Z,55.7
2017-01-31T00:00:00.000Z,56.8
2017-02-01T00:00:00.000Z,56.56
2017-02-02T00:00:00.000Z,56.81
2017-02-03T00:00:00.000Z,56.81
2017-02-06T00:00:00.000Z,55.05
2017-02-07T00:00:00.000Z,55.12
2017-02-08T00:00:00.000Z,55.63
2017-02-09T00:00:00.000Z,56.7
2017-02-10T00:00:00.000Z,56.7
2017-02-13T00:00:00.000Z,55.97
2017-02-14T00:00:00.000Z,55.75
2017-02-15T00:00:00.000Z,55.65
2017-02-16T00:00:00.000Z,55.81
2017-02-17T00:00:00.000Z,55.81
2017-02-20T00:00:00.000Z,56.66
2017-02-21T00:00:00.000Z,55.84
2017-02-22T00:00:00.000Z,56.58
2017-02-23T00:00:00.000Z,55.99
2017-02-24T00:00:00.000Z,55.99
2017-02-27T00:00:00.000Z,55.59
2017-02-28T00:00:00.000Z,56.36
2017-03-01T00:00:00.000Z,55.08
2017-03-02T00:00:00.000Z,55.9
2017-03-03T00:00:00.000Z,55.9
2017-03-06T00:00:00.000Z,55.92
2017-03-07T00:00:00.000Z,53.11
2017-03-08T00:00:00.000Z,52.19
2017-03-09T00:00:00.000Z,51.37
2017-03-10T00:00:00.000Z,51.37
2017-03-13T00:00:00.000Z,50.92
2017-03-14T00:00:00.000Z,51.81
2017-03-15T00:00:00.000Z,51.74
2017-03-16T00:00:00.000Z,51.76
2017-03-17T00:00:00.000Z,51.76
2017-03-20T00:00:00.000Z,50.96
2017-03-21T00:00:00.000Z,50.64
2017-03-22T00:00:00.000Z,50.56
2017-03-23T00:00:00.000Z,50.8
2017-03-24T00:00:00.000Z,50.8
2017-03-27T00:00:00.000Z,51.33
2017-03-28T00:00:00.000Z,52.42
2017-03-29T00:00:00.000Z,52.96
2017-03-30T00:00:00.000Z,52.83
2017-03-31T00:00:00.000Z,52.83
2017-04-03T00:00:00.000Z,54.17
2017-04-04T00:00:00.000Z,54.36
2017-04-05T00:00:00.000Z,54.89
2017-04-06T00:00:00.000Z,55.24
2017-04-07T00:00:00.000Z,55.24
2017-04-10T00:00:00.000Z,56.23
2017-04-11T00:00:00.000Z,55.86
2017-04-12T00:00:00.000Z,55.89
2017-04-13T00:00:00.000Z,55.89
2017-04-14T00:00:00.000Z,55.89
2017-04-17T00:00:00.000Z,54.89
2017-04-18T00:00:00.000Z,52.93
2017-04-19T00:00:00.000Z,52.99
2017-04-20T00:00:00.000Z,51.96
2017-04-21T00:00:00.000Z,51.96
2017-04-24T00:00:00.000Z,52.1
2017-04-25T00:00:00.000Z,51.82
2017-04-26T00:00:00.000Z,51.44
2017-04-27T00:00:00.000Z,51.73
2017-04-28T00:00:00.000Z,51.73
2017-05-01T00:00:00.000Z,50.46
2017-05-02T00:00:00.000Z,50.79
2017-05-03T00:00:00.000Z,48.38
2017-05-04T00:00:00.000Z,49.1
2017-05-05T00:00:00.000Z,49.1
2017-05-08T00:00:00.000Z,48.73
2017-05-09T00:00:00.000Z,50.22
2017-05-10T00:00:00.000Z,50.77
2017-05-11T00:00:00.000Z,50.84
2017-05-12T00:00:00.000Z,50.84
2017-05-15T00:00:00.000Z,51.65
2017-05-16T00:00:00.000Z,52.21
2017-05-17T00:00:00.000Z,52.51
2017-05-18T00:00:00.000Z,53.61
2017-05-19T00:00:00.000Z,53.61
2017-05-22T00:00:00.000Z,54.15
2017-05-23T00:00:00.000Z,53.96
2017-05-24T00:00:00.000Z,51.46
2017-05-25T00:00:00.000Z,52.15
2017-05-26T00:00:00.000Z,52.15
2017-05-29T00:00:00.000Z,51.84
2017-05-30T00:00:00.000Z,50.31
2017-05-31T00:00:00.000Z,50.63
2017-06-01T00:00:00.000Z,49.95
2017-06-02T00:00:00.000Z,49.95
2017-06-05T00:00:00.000Z,50.12
2017-06-06T00:00:00.000Z,48.06
2017-06-07T00:00:00.000Z,47.86
2017-06-08T00:00:00.000Z,48.15
2017-06-09T00:00:00.000Z,48.15
2017-06-12T00:00:00.000Z,48.72
2017-06-13T00:00:00.000Z,47
2017-06-14T00:00:00.000Z,46.92
2017-06-15T00:00:00.000Z,47.37
2017-06-16T00:00:00.000Z,47.37
2017-06-19T00:00:00.000Z,46.02
2017-06-20T00:00:00.000Z,44.82
2017-06-21T00:00:00.000Z,45.22
2017-06-22T00:00:00.000Z,45.54
2017-06-23T00:00:00.000Z,45.54
2017-06-26T00:00:00.000Z,46.65
2017-06-27T00:00:00.000Z,47.31
2017-06-28T00:00:00.000Z,47.42
2017-06-29T00:00:00.000Z,47.92
2017-06-30T00:00:00.000Z,47.92
2017-07-03T00:00:00.000Z,49.61
2017-07-04T00:00:00.000Z,47.79
2017-07-05T00:00:00.000Z,48.11
2017-07-06T00:00:00.000Z,46.71
2017-07-07T00:00:00.000Z,46.71
2017-07-10T00:00:00.000Z,47.52
2017-07-11T00:00:00.000Z,47.74
2017-07-12T00:00:00.000Z,48.42
2017-07-13T00:00:00.000Z,48.91
2017-07-14T00:00:00.000Z,48.91
2017-07-17T00:00:00.000Z,48.84
2017-07-18T00:00:00.000Z,49.7
2017-07-19T00:00:00.000Z,49.3
2017-07-20T00:00:00.000Z,48.06
2017-07-21T00:00:00.000Z,48.06
2017-07-24T00:00:00.000Z,50.2
2017-07-25T00:00:00.000Z,50.97
2017-07-26T00:00:00.000Z,51.49
2017-07-27T00:00:00.000Z,52.52
2017-07-28T00:00:00.000Z,52.52
2017-07-31T00:00:00.000Z,51.78
2017-08-01T00:00:00.000Z,52.36
2017-08-02T00:00:00.000Z,52.01
2017-08-03T00:00:00.000Z,52.42
2017-08-04T00:00:00.000Z,52.42
2017-08-07T00:00:00.000Z,52.14
2017-08-08T00:00:00.000Z,52.7
2017-08-09T00:00:00.000Z,51.9
2017-08-10T00:00:00.000Z,52.1
2017-08-11T00:00:00.000Z,52.1
2017-08-14T00:00:00.000Z,52.1
2017-08-15T00:00:00.000Z,50.27
2017-08-16T00:00:00.000Z,51.03
2017-08-17T00:00:00.000Z,52.72
2017-08-18T00:00:00.000Z,52.72
2017-08-21T00:00:00.000Z,51.87
2017-08-22T00:00:00.000Z,52.57
2017-08-23T00:00:00.000Z,52.04
2017-08-24T00:00:00.000Z,52.41
2017-08-25T00:00:00.000Z,52.41
2017-08-28T00:00:00.000Z,52
2017-08-29T00:00:00.000Z,50.86
2017-08-30T00:00:00.000Z,52.38
2017-08-31T00:00:00.000Z,52.75
2017-09-01T00:00:00.000Z,52.75
2017-09-04T00:00:00.000Z,53.38
2017-09-05T00:00:00.000Z,54.2
2017-09-06T00:00:00.000Z,54.49
2017-09-07T00:00:00.000Z,53.78
2017-09-08T00:00:00.000Z,53.78
2017-09-11T00:00:00.000Z,54.27
2017-09-12T00:00:00.000Z,55.16
2017-09-13T00:00:00.000Z,55.47
2017-09-14T00:00:00.000Z,55.62
2017-09-15T00:00:00.000Z,55.62
2017-09-18T00:00:00.000Z,55.14
2017-09-19T00:00:00.000Z,56.29
2017-09-20T00:00:00.000Z,56.43
2017-09-21T00:00:00.000Z,56.86
2017-09-22T00:00:00.000Z,56.86
2017-09-25T00:00:00.000Z,58.44
2017-09-26T00:00:00.000Z,57.9
2017-09-27T00:00:00.000Z,57.41
2017-09-28T00:00:00.000Z,57.54
2017-09-29T00:00:00.000Z,57.54
2017-10-02T00:00:00.000Z,56
2017-10-03T00:00:00.000Z,55.8
2017-10-04T00:00:00.000Z,57
2017-10-05T00:00:00.000Z,55.62
2017-10-06T00:00:00.000Z,55.62
2017-10-09T00:00:00.000Z,56.61
2017-10-10T00:00:00.000Z,56.94
2017-10-11T00:00:00.000Z,56.25
2017-10-12T00:00:00.000Z,57.17
2017-10-13T00:00:00.000Z,57.17
2017-10-16T00:00:00.000Z,57.88
2017-10-17T00:00:00.000Z,58.15
2017-10-18T00:00:00.000Z,57.23
2017-10-19T00:00:00.000Z,57.75
2017-10-20T00:00:00.000Z,57.75
2017-10-23T00:00:00.000Z,58.33
2017-10-24T00:00:00.000Z,58.44
2017-10-25T00:00:00.000Z,59.3
2017-10-26T00:00:00.000Z,60.44
2017-10-27T00:00:00.000Z,60.44
2017-10-30T00:00:00.000Z,61.37
2017-10-31T00:00:00.000Z,60.49
2017-11-01T00:00:00.000Z,60.62
2017-11-02T00:00:00.000Z,62.07
2017-11-03T00:00:00.000Z,62.07
2017-11-06T00:00:00.000Z,63.69
2017-11-07T00:00:00.000Z,63.49
2017-11-08T00:00:00.000Z,63.93
2017-11-09T00:00:00.000Z,63.52
2017-11-10T00:00:00.000Z,63.52
2017-11-13T00:00:00.000Z,62.21
2017-11-14T00:00:00.000Z,61.87
2017-11-15T00:00:00.000Z,61.36
2017-11-16T00:00:00.000Z,62.72
2017-11-17T00:00:00.000Z,62.72
2017-11-20T00:00:00.000Z,62.57
2017-11-21T00:00:00.000Z,63.32
2017-11-22T00:00:00.000Z,63.55
2017-11-23T00:00:00.000Z,63.86
2017-11-24T00:00:00.000Z,63.86
2017-11-27T00:00:00.000Z,63.61
2017-11-28T00:00:00.000Z,63.11
2017-11-29T00:00:00.000Z,63.57
2017-11-30T00:00:00.000Z,63.73
2017-12-01T00:00:00.000Z,63.73
2017-12-04T00:00:00.000Z,62.86
2017-12-05T00:00:00.000Z,61.22
2017-12-06T00:00:00.000Z,62.2
2017-12-07T00:00:00.000Z,63.4
2017-12-08T00:00:00.000Z,63.4
2017-12-11T00:00:00.000Z,63.34
2017-12-12T00:00:00.000Z,62.44
2017-12-13T00:00:00.000Z,63.31
2017-12-14T00:00:00.000Z,63.23
2017-12-15T00:00:00.000Z,63.23
2017-12-18T00:00:00.000Z,63.8
2017-12-19T00:00:00.000Z,64.56
2017-12-20T00:00:00.000Z,64.9
2017-12-21T00:00:00.000Z,65.25
2017-12-22T00:00:00.000Z,65.25
2017-12-25T00:00:00.000Z,67.02
2017-12-26T00:00:00.000Z,66.44
2017-12-27T00:00:00.000Z,66.72
2017-12-28T00:00:00.000Z,66.87
2017-12-29T00:00:00.000Z,66.87
2018-01-01T00:00:00.000Z,66.57
2018-01-02T00:00:00.000Z,67.84
2018-01-03T00:00:00.000Z,68.07
2018-01-04T00:00:00.000Z,67.62
2018-01-05T00:00:00.000Z,67.62
2018-01-08T00:00:00.000Z,68.82
2018-01-09T00:00:00.000Z,69.2
2018-01-10T00:00:00.000Z,69.26
2018-01-11T00:00:00.000Z,69.87
2018-01-12T00:00:00.000Z,69.87
2018-01-15T00:00:00.000Z,69.15
2018-01-16T00:00:00.000Z,69.38
2018-01-17T00:00:00.000Z,69.31
2018-01-18T00:00:00.000Z,68.61
2018-01-19T00:00:00.000Z,68.61
2018-01-22T00:00:00.000Z,69.96
2018-01-23T00:00:00.000Z,70.53
2018-01-24T00:00:00.000Z,70.42
2018-01-25T00:00:00.000Z,70.42
2018-01-26T00:00:00.000Z,70.42
2018-01-29T00:00:00.000Z,69.02
2018-01-30T00:00:00.000Z,69.05
2018-01-31T00:00:00.000Z,69.65
2018-02-01T00:00:00.000Z,68.58
2018-02-02T00:00:00.000Z,68.58
2018-02-05T00:00:00.000Z,66.86
2018-02-06T00:00:00.000Z,65.51
2018-02-07T00:00:00.000Z,64.81
2018-02-08T00:00:00.000Z,62.79
2018-02-09T00:00:00.000Z,62.79
2018-02-12T00:00:00.000Z,62.72
2018-02-13T00:00:00.000Z,64.36
2018-02-14T00:00:00.000Z,64.33
2018-02-15T00:00:00.000Z,64.84
2018-02-16T00:00:00.000Z,64.84
2018-02-19T00:00:00.000Z,65.25
2018-02-20T00:00:00.000Z,65.42
2018-02-21T00:00:00.000Z,66.39
2018-02-22T00:00:00.000Z,67.31
2018-02-23T00:00:00.000Z,67.31
2018-02-26T00:00:00.000Z,66.63
2018-02-27T00:00:00.000Z,65.78
2018-02-28T00:00:00.000Z,63.83
2018-03-01T00:00:00.000Z,64.37
2018-03-02T00:00:00.000Z,64.37
2018-03-05T00:00:00.000Z,65.79
2018-03-06T00:00:00.000Z,64.34
2018-03-07T00:00:00.000Z,63.61
2018-03-08T00:00:00.000Z,65.49
2018-03-09T00:00:00.000Z,65.49
2018-03-12T00:00:00.000Z,64.64
2018-03-13T00:00:00.000Z,64.89
2018-03-14T00:00:00.000Z,65.12
2018-03-15T00:00:00.000Z,66.21
2018-03-16T00:00:00.000Z,66.21
2018-03-19T00:00:00.000Z,67.42
2018-03-20T00:00:00.000Z,69.47
2018-03-21T00:00:00.000Z,68.91
2018-03-22T00:00:00.000Z,70.45
2018-03-23T00:00:00.000Z,70.45
2018-03-26T00:00:00.000Z,70.11
2018-03-27T00:00:00.000Z,69.53
2018-03-28T00:00:00.000Z,70.27
2018-03-29T00:00:00.000Z,70.27
2018-03-30T00:00:00.000Z,70.27
2018-04-02T00:00:00.000Z,68.12
2018-04-03T00:00:00.000Z,68.02
2018-04-04T00:00:00.000Z,68.33
2018-04-05T00:00:00.000Z,67.11
2018-04-06T00:00:00.000Z,67.11
2018-04-09T00:00:00.000Z,71.04
2018-04-10T00:00:00.000Z,72.06
2018-04-11T00:00:00.000Z,72.02
2018-04-12T00:00:00.000Z,72.58
2018-04-13T00:00:00.000Z,72.58
2018-04-16T00:00:00.000Z,71.58
2018-04-17T00:00:00.000Z,73.48
2018-04-18T00:00:00.000Z,73.78
2018-04-19T00:00:00.000Z,74.06
2018-04-20T00:00:00.000Z,74.06
2018-04-23T00:00:00.000Z,73.86
2018-04-24T00:00:00.000Z,74
2018-04-25T00:00:00.000Z,74.74
2018-04-26T00:00:00.000Z,74.64
2018-04-27T00:00:00.000Z,74.64
2018-04-30T00:00:00.000Z,73.13
2018-05-01T00:00:00.000Z,73.36
2018-05-02T00:00:00.000Z,73.62
2018-05-03T00:00:00.000Z,74.87
2018-05-04T00:00:00.000Z,74.87
2018-05-07T00:00:00.000Z,74.85
2018-05-08T00:00:00.000Z,77.21
2018-05-09T00:00:00.000Z,77.47
2018-05-10T00:00:00.000Z,77.12
2018-05-11T00:00:00.000Z,77.12
2018-05-14T00:00:00.000Z,78.43
2018-05-15T00:00:00.000Z,79.28
2018-05-16T00:00:00.000Z,79.3
2018-05-17T00:00:00.000Z,78.51
2018-05-18T00:00:00.000Z,78.51
2018-05-21T00:00:00.000Z,79.57
2018-05-22T00:00:00.000Z,79.8
2018-05-23T00:00:00.000Z,78.79
2018-05-24T00:00:00.000Z,76.44
2018-05-25T00:00:00.000Z,76.44
2018-05-28T00:00:00.000Z,75.39
2018-05-29T00:00:00.000Z,77.5
2018-05-30T00:00:00.000Z,77.59
2018-05-31T00:00:00.000Z,76.79
2018-06-01T00:00:00.000Z,76.79
2018-06-04T00:00:00.000Z,75.38
2018-06-05T00:00:00.000Z,75.36
2018-06-06T00:00:00.000Z,77.32
2018-06-07T00:00:00.000Z,76.46
2018-06-08T00:00:00.000Z,76.46
2018-06-11T00:00:00.000Z,75.88
2018-06-12T00:00:00.000Z,76.74
2018-06-13T00:00:00.000Z,75.94
2018-06-14T00:00:00.000Z,73.44
2018-06-15T00:00:00.000Z,73.44
2018-06-18T00:00:00.000Z,75.08
2018-06-19T00:00:00.000Z,74.74
2018-06-20T00:00:00.000Z,73.05
2018-06-21T00:00:00.000Z,75.55
2018-06-22T00:00:00.000Z,75.55
2018-06-25T00:00:00.000Z,76.31
2018-06-26T00:00:00.000Z,77.62
2018-06-27T00:00:00.000Z,77.85
2018-06-28T00:00:00.000Z,79.44
2018-06-29T00:00:00.000Z,79.44
2018-07-02T00:00:00.000Z,77.76
2018-07-03T00:00:00.000Z,78.24
2018-07-04T00:00:00.000Z,77.39
2018-07-05T00:00:00.000Z,77.11
2018-07-06T00:00:00.000Z,77.11
2018-07-09T00:00:00.000Z,78.86
2018-07-10T00:00:00.000Z,73.4
2018-07-11T00:00:00.000Z,74.45
2018-07-12T00:00:00.000Z,75.33
2018-07-13T00:00:00.000Z,75.33
2018-07-16T00:00:00.000Z,72.16
2018-07-17T00:00:00.000Z,72.9
2018-07-18T00:00:00.000Z,72.58
2018-07-19T00:00:00.000Z,73.07
2018-07-20T00:00:00.000Z,73.07
2018-07-23T00:00:00.000Z,73.44
2018-07-24T00:00:00.000Z,73.93
2018-07-25T00:00:00.000Z,74.54
2018-07-26T00:00:00.000Z,74.29
2018-07-27T00:00:00.000Z,74.29
2018-07-30T00:00:00.000Z,74.25
2018-07-31T00:00:00.000Z,72.39
2018-08-01T00:00:00.000Z,73.45
2018-08-02T00:00:00.000Z,73.21
2018-08-03T00:00:00.000Z,73.21
2018-08-06T00:00:00.000Z,74.65
2018-08-07T00:00:00.000Z,72.28
2018-08-08T00:00:00.000Z,72.07
2018-08-09T00:00:00.000Z,72.81
2018-08-10T00:00:00.000Z,72.81
2018-08-13T00:00:00.000Z,72.46
2018-08-14T00:00:00.000Z,72.46
2018-08-15T00:00:00.000Z,71.43
2018-08-16T00:00:00.000Z,71.83
2018-08-17T00:00:00.000Z,71.83
2018-08-20T00:00:00.000Z,72.63
2018-08-21T00:00:00.000Z,74.78
2018-08-22T00:00:00.000Z,74.73
2018-08-23T00:00:00.000Z,75.82
2018-08-24T00:00:00.000Z,75.82
2018-08-27T00:00:00.000Z,75.95
2018-08-28T00:00:00.000Z,77.14
2018-08-29T00:00:00.000Z,77.77
2018-08-30T00:00:00.000Z,77.42
2018-08-31T00:00:00.000Z,77.42
2018-09-03T00:00:00.000Z,78.17
2018-09-04T00:00:00.000Z,77.27
2018-09-05T00:00:00.000Z,76.5
2018-09-06T00:00:00.000Z,76.83
2018-09-07T00:00:00.000Z,76.83
2018-09-10T00:00:00.000Z,79.06
2018-09-11T00:00:00.000Z,79.74
2018-09-12T00:00:00.000Z,78.18
2018-09-13T00:00:00.000Z,78.09
2018-09-14T00:00:00.000Z,78.09
2018-09-17T00:00:00.000Z,79.03
2018-09-18T00:00:00.000Z,79.4
2018-09-19T00:00:00.000Z,78.7
2018-09-20T00:00:00.000Z,78.8
2018-09-21T00:00:00.000Z,78.8
2018-09-24T00:00:00.000Z,81.87
2018-09-25T00:00:00.000Z,81.34
2018-09-26T00:00:00.000Z,81.72
2018-09-27T00:00:00.000Z,82.72
2018-09-28T00:00:00.000Z,82.72
2018-10-01T00:00:00.000Z,82.72
2018-10-02T00:00:00.000Z,86.29
2018-10-03T00:00:00.000Z,84.58
2018-10-04T00:00:00.000Z,84.16
2018-10-05T00:00:00.000Z,84.16
2018-10-08T00:00:00.000Z,85
2018-10-09T00:00:00.000Z,83.09
2018-10-10T00:00:00.000Z,80.26
2018-10-11T00:00:00.000Z,80.43
2018-10-12T00:00:00.000Z,80.43
2018-10-15T00:00:00.000Z,81.41
2018-10-16T00:00:00.000Z,80.05
2018-10-17T00:00:00.000Z,79.29
2018-10-18T00:00:00.000Z,79.78
2018-10-19T00:00:00.000Z,79.78
2018-10-22T00:00:00.000Z,76.44
2018-10-23T00:00:00.000Z,76.17
2018-10-24T00:00:00.000Z,76.89
2018-10-25T00:00:00.000Z,77.62
2018-10-26T00:00:00.000Z,77.62
2018-10-29T00:00:00.000Z,75.91
2018-10-30T00:00:00.000Z,75.47
2018-10-31T00:00:00.000Z,72.89
2018-11-01T00:00:00.000Z,72.83
2018-11-02T00:00:00.000Z,72.83
2018-11-05T00:00:00.000Z,72.13
2018-11-06T00:00:00.000Z,72.07
2018-11-07T00:00:00.000Z,70.65
2018-11-08T00:00:00.000Z,70.18
2018-11-09T00:00:00.000Z,70.18
2018-11-12T00:00:00.000Z,65.47
2018-11-13T00:00:00.000Z,66.12
2018-11-14T00:00:00.000Z,66.62
2018-11-15T00:00:00.000Z,66.76
2018-11-16T00:00:00.000Z,66.76
2018-11-19T00:00:00.000Z,62.53
2018-11-20T00:00:00.000Z,63.48
2018-11-21T00:00:00.000Z,62.6
2018-11-22T00:00:00.000Z,58.8
2018-11-23T00:00:00.000Z,58.8
2018-11-26T00:00:00.000Z,60.21
2018-11-27T00:00:00.000Z,58.76
2018-11-28T00:00:00.000Z,59.51
2018-11-29T00:00:00.000Z,58.71
2018-11-30T00:00:00.000Z,58.71
2018-12-03T00:00:00.000Z,62.08
2018-12-04T00:00:00.000Z,61.56
2018-12-05T00:00:00.000Z,60.06
2018-12-06T00:00:00.000Z,61.67
2018-12-07T00:00:00.000Z,61.67
2018-12-10T00:00:00.000Z,60.2
2018-12-11T00:00:00.000Z,60.15
2018-12-12T00:00:00.000Z,61.45
2018-12-13T00:00:00.000Z,60.28
2018-12-14T00:00:00.000Z,60.28
2018-12-17T00:00:00.000Z,56.26
2018-12-18T00:00:00.000Z,57.24
2018-12-19T00:00:00.000Z,54.35
2018-12-20T00:00:00.000Z,53.82
2018-12-21T00:00:00.000Z,53.82
2018-12-24T00:00:00.000Z,53.82
2018-12-25T00:00:00.000Z,54.47
2018-12-26T00:00:00.000Z,52.16
2018-12-27T00:00:00.000Z,52.2
2018-12-28T00:00:00.000Z,52.2
2018-12-31T00:00:00.000Z,53.8
2019-01-01T00:00:00.000Z,54.91
2019-01-02T00:00:00.000Z,55.95
2019-01-03T00:00:00.000Z,57.06
2019-01-04T00:00:00.000Z,57.06
2019-01-07T00:00:00.000Z,58.72
2019-01-08T00:00:00.000Z,61.44
2019-01-09T00:00:00.000Z,61.68
2019-01-10T00:00:00.000Z,60.48
2019-01-11T00:00:00.000Z,60.48
2019-01-14T00:00:00.000Z,60.64
2019-01-15T00:00:00.000Z,61.32
2019-01-16T00:00:00.000Z,61.18
2019-01-17T00:00:00.000Z,62.7
2019-01-18T00:00:00.000Z,62.7
2019-01-21T00:00:00.000Z,61.5
2019-01-22T00:00:00.000Z,61.14
2019-01-23T00:00:00.000Z,61.09
2019-01-24T00:00:00.000Z,61.64
2019-01-25T00:00:00.000Z,61.64
2019-01-28T00:00:00.000Z,61.32
2019-01-29T00:00:00.000Z,61.65
2019-01-30T00:00:00.000Z,61.89
2019-01-31T00:00:00.000Z,62.75
2019-02-01T00:00:00.000Z,62.75
2019-02-04T00:00:00.000Z,61.98
2019-02-05T00:00:00.000Z,62.69
2019-02-06T00:00:00.000Z,61.63
2019-02-07T00:00:00.000Z,62.1
2019-02-08T00:00:00.000Z,62.1
2019-02-11T00:00:00.000Z,62.42
2019-02-12T00:00:00.000Z,63.61
2019-02-13T00:00:00.000Z,64.57
2019-02-14T00:00:00.000Z,66.25
2019-02-15T00:00:00.000Z,66.25
2019-02-18T00:00:00.000Z,66.45
2019-02-19T00:00:00.000Z,67.08
2019-02-20T00:00:00.000Z,67.07
2019-02-21T00:00:00.000Z,67.12
2019-02-22T00:00:00.000Z,67.12
2019-02-25T00:00:00.000Z,65.21
2019-02-26T00:00:00.000Z,66.39
2019-02-27T00:00:00.000Z,66.03
2019-02-28T00:00:00.000Z,65.07
2019-03-01T00:00:00.000Z,65.07
2019-03-04T00:00:00.000Z,65.86
2019-03-05T00:00:00.000Z,65.99
2019-03-06T00:00:00.000Z,66.3
2019-03-07T00:00:00.000Z,65.74
2019-03-08T00:00:00.000Z,65.74
2019-03-11T00:00:00.000Z,66.67
2019-03-12T00:00:00.000Z,67.55
2019-03-13T00:00:00.000Z,67.23
2019-03-14T00:00:00.000Z,67.16
2019-03-15T00:00:00.000Z,67.16
2019-03-18T00:00:00.000Z,67.61
2019-03-19T00:00:00.000Z,68.5
2019-03-20T00:00:00.000Z,67.86
2019-03-21T00:00:00.000Z,67.03
2019-03-22T00:00:00.000Z,67.03
2019-03-25T00:00:00.000Z,67.97
2019-03-26T00:00:00.000Z,67.83
2019-03-27T00:00:00.000Z,67.82
2019-03-28T00:00:00.000Z,68.39
2019-03-29T00:00:00.000Z,68.39
2019-04-01T00:00:00.000Z,69.37
2019-04-02T00:00:00.000Z,69.31
2019-04-03T00:00:00.000Z,69.4
2019-04-04T00:00:00.000Z,70.34
2019-04-05T00:00:00.000Z,70.34
2019-04-08T00:00:00.000Z,70.61
2019-04-09T00:00:00.000Z,71.73
2019-04-10T00:00:00.000Z,70.83
2019-04-11T00:00:00.000Z,71.55
2019-04-12T00:00:00.000Z,71.55
2019-04-15T00:00:00.000Z,71.72
2019-04-16T00:00:00.000Z,71.62
2019-04-17T00:00:00.000Z,71.97
2019-04-18T00:00:00.000Z,71.97
2019-04-19T00:00:00.000Z,71.97
2019-04-22T00:00:00.000Z,74.51
2019-04-23T00:00:00.000Z,74.57
2019-04-24T00:00:00.000Z,74.35
2019-04-25T00:00:00.000Z,72.15
2019-04-26T00:00:00.000Z,72.15
2019-04-29T00:00:00.000Z,72.8
2019-04-30T00:00:00.000Z,72.18
2019-05-01T00:00:00.000Z,70.75
2019-05-02T00:00:00.000Z,70.85
2019-05-03T00:00:00.000Z,70.85
2019-05-06T00:00:00.000Z,69.88
2019-05-07T00:00:00.000Z,70.37
2019-05-08T00:00:00.000Z,70.39
2019-05-09T00:00:00.000Z,70.62
2019-05-10T00:00:00.000Z,70.62
2019-05-13T00:00:00.000Z,71.24
2019-05-14T00:00:00.000Z,71.77
2019-05-15T00:00:00.000Z,72.62
2019-05-16T00:00:00.000Z,72.21
2019-05-17T00:00:00.000Z,72.21
2019-05-20T00:00:00.000Z,72.18
2019-05-21T00:00:00.000Z,70.99
2019-05-22T00:00:00.000Z,67.76
2019-05-23T00:00:00.000Z,68.69
2019-05-24T00:00:00.000Z,68.69
2019-05-27T00:00:00.000Z,70.11
2019-05-28T00:00:00.000Z,69.45
2019-05-29T00:00:00.000Z,66.87
2019-05-30T00:00:00.000Z,64.49
2019-05-31T00:00:00.000Z,64.49
2019-06-03T00:00:00.000Z,61.97
2019-06-04T00:00:00.000Z,60.63
2019-06-05T00:00:00.000Z,61.67
2019-06-06T00:00:00.000Z,63.29
2019-06-07T00:00:00.000Z,63.29
2019-06-10T00:00:00.000Z,62.29
2019-06-11T00:00:00.000Z,59.97
2019-06-12T00:00:00.000Z,61.31
2019-06-13T00:00:00.000Z,62.01
2019-06-14T00:00:00.000Z,62.01
2019-06-17T00:00:00.000Z,62.14
2019-06-18T00:00:00.000Z,61.82
2019-06-19T00:00:00.000Z,64.45
2019-06-20T00:00:00.000Z,65.2
2019-06-21T00:00:00.000Z,65.2
2019-06-24T00:00:00.000Z,65.05
2019-06-25T00:00:00.000Z,66.49
2019-06-26T00:00:00.000Z,66.55
2019-06-27T00:00:00.000Z,66.55
2019-06-28T00:00:00.000Z,66.55
2019-07-01T00:00:00.000Z,62.4
2019-07-02T00:00:00.000Z,63.82
2019-07-03T00:00:00.000Z,63.3
2019-07-04T00:00:00.000Z,64.23
2019-07-05T00:00:00.000Z,64.23
2019-07-08T00:00:00.000Z,64.16
2019-07-09T00:00:00.000Z,67.01
2019-07-10T00:00:00.000Z,66.52
2019-07-11T00:00:00.000Z,66.72
2019-07-12T00:00:00.000Z,66.72
2019-07-15T00:00:00.000Z,64.35
2019-07-16T00:00:00.000Z,63.66
2019-07-17T00:00:00.000Z,61.93
2019-07-18T00:00:00.000Z,62.47
2019-07-19T00:00:00.000Z,62.47
2019-07-22T00:00:00.000Z,63.83
2019-07-23T00:00:00.000Z,63.18
2019-07-24T00:00:00.000Z,63.39
2019-07-25T00:00:00.000Z,63.46
2019-07-26T00:00:00.000Z,63.46
2019-07-29T00:00:00.000Z,64.72
2019-07-30T00:00:00.000Z,65.17
2019-07-31T00:00:00.000Z,60.5
2019-08-01T00:00:00.000Z,61.89
2019-08-02T00:00:00.000Z,61.89
2019-08-05T00:00:00.000Z,58.94
2019-08-06T00:00:00.000Z,56.23
2019-08-07T00:00:00.000Z,57.38
2019-08-08T00:00:00.000Z,58.53
2019-08-09T00:00:00.000Z,58.53
2019-08-12T00:00:00.000Z,61.3
2019-08-13T00:00:00.000Z,59.48
2019-08-14T00:00:00.000Z,59.48
2019-08-15T00:00:00.000Z,58.64
2019-08-16T00:00:00.000Z,58.64
2019-08-19T00:00:00.000Z,60.03
2019-08-20T00:00:00.000Z,60.3
2019-08-21T00:00:00.000Z,59.92
2019-08-22T00:00:00.000Z,59.34
2019-08-23T00:00:00.000Z,59.34
2019-08-26T00:00:00.000Z,59.51
2019-08-27T00:00:00.000Z,60.49
2019-08-28T00:00:00.000Z,61.08
2019-08-29T00:00:00.000Z,60.43
2019-08-30T00:00:00.000Z,60.43
2019-09-02T00:00:00.000Z,58.26
2019-09-03T00:00:00.000Z,60.7
2019-09-04T00:00:00.000Z,60.95
2019-09-05T00:00:00.000Z,61.54
2019-09-06T00:00:00.000Z,61.54
2019-09-09T00:00:00.000Z,62.38
2019-09-10T00:00:00.000Z,60.81
2019-09-11T00:00:00.000Z,60.38
2019-09-12T00:00:00.000Z,60.22
2019-09-13T00:00:00.000Z,60.22
2019-09-16T00:00:00.000Z,64.55
2019-09-17T00:00:00.000Z,63.6
2019-09-18T00:00:00.000Z,64.4
2019-09-19T00:00:00.000Z,64.28
2019-09-20T00:00:00.000Z,64.28
2019-09-23T00:00:00.000Z,63.1
2019-09-24T00:00:00.000Z,62.39
2019-09-25T00:00:00.000Z,62.74
2019-09-26T00:00:00.000Z,61.91
2019-09-27T00:00:00.000Z,61.91
2019-09-30T00:00:00.000Z,58.89
2019-10-01T00:00:00.000Z,58.89
2019-10-02T00:00:00.000Z,57.71
2019-10-03T00:00:00.000Z,58.37
2019-10-04T00:00:00.000Z,58.37
2019-10-07T00:00:00.000Z,58.24
2019-10-08T00:00:00.000Z,58.32
2019-10-09T00:00:00.000Z,59.1
2019-10-10T00:00:00.000Z,60.51
2019-10-11T00:00:00.000Z,60.51
2019-10-14T00:00:00.000Z,58.74
2019-10-15T00:00:00.000Z,59.42
2019-10-16T00:00:00.000Z,59.91
2019-10-17T00:00:00.000Z,59.42
2019-10-18T00:00:00.000Z,59.42
2019-10-21T00:00:00.000Z,59.7
2019-10-22T00:00:00.000Z,61.17
2019-10-23T00:00:00.000Z,61.67
2019-10-24T00:00:00.000Z,62.02
2019-10-25T00:00:00.000Z,62.02
2019-10-28T00:00:00.000Z,61.59
2019-10-29T00:00:00.000Z,60.61
2019-10-30T00:00:00.000Z,60.23
2019-10-31T00:00:00.000Z,61.69
2019-11-01T00:00:00.000Z,61.69
2019-11-04T00:00:00.000Z,62.96
2019-11-05T00:00:00.000Z,61.74
2019-11-06T00:00:00.000Z,62.29
2019-11-07T00:00:00.000Z,62.51
2019-11-08T00:00:00.000Z,62.51
2019-11-11T00:00:00.000Z,62.06
2019-11-12T00:00:00.000Z,62.37
2019-11-13T00:00:00.000Z,62.28
2019-11-14T00:00:00.000Z,63.3
2019-11-15T00:00:00.000Z,63.3
2019-11-18T00:00:00.000Z,60.91
2019-11-19T00:00:00.000Z,62.4
2019-11-20T00:00:00.000Z,63.97
2019-11-21T00:00:00.000Z,63.39
2019-11-22T00:00:00.000Z,63.39
2019-11-25T00:00:00.000Z,64.27
2019-11-26T00:00:00.000Z,64.06
2019-11-27T00:00:00.000Z,63.87
2019-11-28T00:00:00.000Z,62.43
2019-11-29T00:00:00.000Z,62.43
2019-12-02T00:00:00.000Z,60.82
2019-12-03T00:00:00.000Z,63
2019-12-04T00:00:00.000Z,63.39
2019-12-05T00:00:00.000Z,64.39
2019-12-06T00:00:00.000Z,64.39
2019-12-09T00:00:00.000Z,64.34
2019-12-10T00:00:00.000Z,63.72
2019-12-11T00:00:00.000Z,63.99
2019-12-12T00:00:00.000Z,64.2
2019-12-13T00:00:00.000Z,64.2
2019-12-16T00:00:00.000Z,65.34
2019-12-17T00:00:00.000Z,66.1
2019-12-18T00:00:00.000Z,66.1
2019-12-19T00:00:00.000Z,66.1
2019-12-20T00:00:00.000Z,66.1
2019-12-23T00:00:00.000Z,66.39
2019-12-24T00:00:00.000Z,66.39
2019-12-25T00:00:00.000Z,67.2
2019-12-26T00:00:00.000Z,66.76
2019-12-27T00:00:00.000Z,66.87
2019-12-30T00:00:00.000Z,66.67
2019-12-31T00:00:00.000Z,66.67
2020-01-01T00:00:00.000Z,66.2
2020-01-02T00:00:00.000Z,66.25
2020-01-03T00:00:00.000Z,68.6
2020-01-06T00:00:00.000Z,68.91
2020-01-07T00:00:00.000Z,68.27
2020-01-08T00:00:00.000Z,65.44
2020-01-09T00:00:00.000Z,65.37
2020-01-10T00:00:00.000Z,64.98
2020-01-13T00:00:00.000Z,64.2
2020-01-14T00:00:00.000Z,64.49
2020-01-15T00:00:00.000Z,64
2020-01-16T00:00:00.000Z,60.69
2020-01-17T00:00:00.000Z,64.85
2020-01-20T00:00:00.000Z,64.85
2020-01-21T00:00:00.000Z,64.59
2020-01-22T00:00:00.000Z,63.21
2020-01-23T00:00:00.000Z,62.04
2020-01-24T00:00:00.000Z,60.69
2020-01-27T00:00:00.000Z,58.58
2020-01-28T00:00:00.000Z,58.81
2020-01-29T00:00:00.000Z,58.91
2020-01-30T00:00:00.000Z,57.33
2020-01-31T00:00:00.000Z,56.62
2020-02-02T00:00:00.000Z,56.62
2020-02-03T00:00:00.000Z,54.45
2020-02-04T00:00:00.000Z,53.96
2020-02-05T00:00:00.000Z,55.28
2020-02-06T00:00:00.000Z,54.93
2020-02-07T00:00:00.000Z,54.47
2020-02-10T00:00:00.000Z,53.27
2020-02-11T00:00:00.000Z,54.01
2020-02-12T00:00:00.000Z,55.79
2020-02-13T00:00:00.000Z,56.34
2020-02-14T00:00:00.000Z,57.32
2020-02-17T00:00:00.000Z,57.32
2020-02-18T00:00:00.000Z,57.75
2020-02-19T00:00:00.000Z,59.12
2020-02-20T00:00:00.000Z,59.12
2020-02-21T00:00:00.000Z,58.5
2020-02-24T00:00:00.000Z,55.77
2020-02-25T00:00:00.000Z,54.95
2020-02-26T00:00:00.000Z,53.43
2020-02-27T00:00:00.000Z,52.18
2020-02-28T00:00:00.000Z,49.67
2020-03-02T00:00:00.000Z,51.9
2020-03-03T00:00:00.000Z,51.86
2020-03-04T00:00:00.000Z,51.13
2020-03-05T00:00:00.000Z,49.99
2020-03-06T00:00:00.000Z,45.27
2020-03-09T00:00:00.000Z,45.27
2020-03-10T00:00:00.000Z,37.22
2020-03-11T00:00:00.000Z,35.79
2020-03-12T00:00:00.000Z,33.22
2020-03-13T00:00:00.000Z,33.22
2020-03-14T00:00:00.000Z,33.85
2020-03-16T00:00:00.000Z,33.22
2020-03-17T00:00:00.000Z,28.73
2020-03-18T00:00:00.000Z,24.88
2020-03-19T00:00:00.000Z,28.47
2020-03-20T00:00:00.000Z,28.47
2020-03-23T00:00:00.000Z,26.98
2020-03-24T00:00:00.000Z,27.15
2020-03-25T00:00:00.000Z,27.39
2020-03-26T00:00:00.000Z,27.39
2020-03-27T00:00:00.000Z,26.34
2020-03-28T00:00:00.000Z,24.93
2020-03-30T00:00:00.000Z,26.34
2020-03-31T00:00:00.000Z,22.74
2020-04-01T00:00:00.000Z,24.74
2020-04-02T00:00:00.000Z,29.94
2020-04-03T00:00:00.000Z,34.11
2020-04-06T00:00:00.000Z,33.05
2020-04-07T00:00:00.000Z,31.87
2020-04-08T00:00:00.000Z,31.87
2020-04-09T00:00:00.000Z,31.48
2020-04-10T00:00:00.000Z,31.48
2020-04-13T00:00:00.000Z,31.48
2020-04-14T00:00:00.000Z,31.74
2020-04-15T00:00:00.000Z,27.69
2020-04-16T00:00:00.000Z,27.69
2020-04-17T00:00:00.000Z,28.08
2020-04-18T00:00:00.000Z,28.08
2020-04-19T00:00:00.000Z,28.08
2020-04-20T00:00:00.000Z,28.08
2020-04-21T00:00:00.000Z,25.57
2020-04-22T00:00:00.000Z,20.37
2020-04-23T00:00:00.000Z,21.33
2020-04-24T00:00:00.000Z,21.44
2020-04-25T00:00:00.000Z,21.44
2020-04-26T00:00:00.000Z,21.44
2020-04-27T00:00:00.000Z,19.99
2020-04-28T00:00:00.000Z,20.46
2020-04-29T00:00:00.000Z,20.46
2020-04-30T00:00:00.000Z,22.54
2020-05-01T00:00:00.000Z,26.44
2020-05-02T00:00:00.000Z,26.44
2020-05-03T00:00:00.000Z,26.44
2020-05-04T00:00:00.000Z,27.2
2020-05-05T00:00:00.000Z,30.97
2020-05-06T00:00:00.000Z,29.72
2020-05-07T00:00:00.000Z,29.46
2020-05-08T00:00:00.000Z,29.46
2020-05-09T00:00:00.000Z,30.97
2020-05-10T00:00:00.000Z,30.97
2020-05-11T00:00:00.000Z,30.97
2020-05-12T00:00:00.000Z,29.98
2020-05-13T00:00:00.000Z,29.19
2020-05-14T00:00:00.000Z,29.19
2020-05-15T00:00:00.000Z,32.5
2020-05-16T00:00:00.000Z,32.5
2020-05-17T00:00:00.000Z,32.5
2020-05-18T00:00:00.000Z,32.5
2020-05-19T00:00:00.000Z,34.81
2020-05-20T00:00:00.000Z,35.75
2020-05-21T00:00:00.000Z,35.75
2020-05-22T00:00:00.000Z,36.06
2020-05-23T00:00:00.000Z,35.13
2020-05-24T00:00:00.000Z,35.13
2020-05-25T00:00:00.000Z,35.13
2020-05-26T00:00:00.000Z,36.17
2020-05-27T00:00:00.000Z,36.17
2020-05-28T00:00:00.000Z,34.74
2020-05-29T00:00:00.000Z,35.29
2020-05-30T00:00:00.000Z,37.84
2020-05-31T00:00:00.000Z,37.84
2020-06-01T00:00:00.000Z,37.84
2020-06-02T00:00:00.000Z,37.84
2020-06-03T00:00:00.000Z,39.79
2020-06-04T00:00:00.000Z,39.99
2020-06-05T00:00:00.000Z,39.99
2020-06-06T00:00:00.000Z,42.3
2020-06-07T00:00:00.000Z,42.3
2020-06-08T00:00:00.000Z,39.99
2020-06-09T00:00:00.000Z,41.18
2020-06-10T00:00:00.000Z,41.18
2020-06-11T00:00:00.000Z,38.55
2020-06-12T00:00:00.000Z,38.73
2020-06-13T00:00:00.000Z,38.73
2020-06-14T00:00:00.000Z,38.73
2020-06-15T00:00:00.000Z,39.72
2020-06-16T00:00:00.000Z,40.96
2020-06-17T00:00:00.000Z,40.96
2020-06-18T00:00:00.000Z,41.51
2020-06-19T00:00:00.000Z,41.51
2020-06-22T00:00:00.000Z,41.51
2020-06-23T00:00:00.000Z,41.51
2020-06-24T00:00:00.000Z,41.51
2020-06-25T00:00:00.000Z,40.31
2020-06-26T00:00:00.000Z,41.26
2020-06-27T00:00:00.000Z,41.26
2020-06-28T00:00:00.000Z,41.26
2020-06-29T00:00:00.000Z,42.31
2020-06-30T00:00:00.000Z,41.76
2020-07-01T00:00:00.000Z,42.4
2020-07-02T00:00:00.000Z,42.4
2020-07-03T00:00:00.000Z,43.22
2020-07-06T00:00:00.000Z,43.55
2020-07-07T00:00:00.000Z,43.08
2020-07-08T00:00:00.000Z,43.29
2020-07-09T00:00:00.000Z,42.35
2020-07-10T00:00:00.000Z,43.24
2020-07-13T00:00:00.000Z,42.72
2020-07-14T00:00:00.000Z,43.59
2020-07-15T00:00:00.000Z,44.24
2020-07-16T00:00:00.000Z,44.24
2020-07-17T00:00:00.000Z,43.75
2020-07-20T00:00:00.000Z,43.94
2020-07-21T00:00:00.000Z,44.98
2020-07-22T00:00:00.000Z,45.02
2020-07-23T00:00:00.000Z,44.19
2020-07-24T00:00:00.000Z,44.19
2020-07-27T00:00:00.000Z,44.74
2020-07-28T00:00:00.000Z,44.42
2020-07-29T00:00:00.000Z,44.83
2020-07-30T00:00:00.000Z,44.83
2020-07-31T00:00:00.000Z,44.17
2020-08-03T00:00:00.000Z,44.91
2020-08-04T00:00:00.000Z,44.91
2020-08-05T00:00:00.000Z,45.97
2020-08-06T00:00:00.000Z,45.97
2020-08-07T00:00:00.000Z,45.11
2020-08-10T00:00:00.000Z,45.11
2020-08-11T00:00:00.000Z,45.37
2020-08-12T00:00:00.000Z,45.37
2020-08-13T00:00:00.000Z,45.82
2020-08-14T00:00:00.000Z,45.82
2020-08-17T00:00:00.000Z,46.39
2020-08-18T00:00:00.000Z,46.49
2020-08-19T00:00:00.000Z,46.36
2020-08-20T00:00:00.000Z,45.97
2020-08-21T00:00:00.000Z,45.97
2020-08-24T00:00:00.000Z,46.07
2020-08-25T00:00:00.000Z,46.66
2020-08-26T00:00:00.000Z,46.58
2020-08-27T00:00:00.000Z,46.01
2020-08-28T00:00:00.000Z,46.25
2020-08-31T00:00:00.000Z,45.66
2020-09-01T00:00:00.000Z,46
2020-09-02T00:00:00.000Z,44.87
2020-09-03T00:00:00.000Z,44.59
2020-09-04T00:00:00.000Z,43.18
2020-09-07T00:00:00.000Z,43.18
2020-09-08T00:00:00.000Z,40.36
2020-09-09T00:00:00.000Z,40.36
2020-09-10T00:00:00.000Z,40.63
2020-09-11T00:00:00.000Z,40.43
2020-09-14T00:00:00.000Z,40.28
2020-09-15T00:00:00.000Z,41.15
2020-09-16T00:00:00.000Z,42.79
2020-09-17T00:00:00.000Z,43.82
2020-09-18T00:00:00.000Z,43.68
2020-09-21T00:00:00.000Z,41.96
2020-09-22T00:00:00.000Z,42.19
2020-09-23T00:00:00.000Z,42.26
2020-09-24T00:00:00.000Z,42.46
2020-09-25T00:00:00.000Z,42.41
2020-09-28T00:00:00.000Z,42.87
2020-09-29T00:00:00.000Z,42.87
2020-09-30T00:00:00.000Z,42.3
2020-10-01T00:00:00.000Z,40.93
2020-10-02T00:00:00.000Z,39.27
2020-10-05T00:00:00.000Z,41.29
2020-10-06T00:00:00.000Z,42.65
2020-10-07T00:00:00.000Z,41.99
2020-10-08T00:00:00.000Z,43.34
2020-10-09T00:00:00.000Z,42.85
2020-10-12T00:00:00.000Z,41.72
2020-10-13T00:00:00.000Z,42.45
2020-10-14T00:00:00.000Z,43.32
2020-10-15T00:00:00.000Z,43.16
2020-10-16T00:00:00.000Z,42.93
2020-10-19T00:00:00.000Z,42.62
2020-10-20T00:00:00.000Z,43.16
2020-10-21T00:00:00.000Z,41.73
2020-10-22T00:00:00.000Z,42.46
2020-10-23T00:00:00.000Z,41.77
2020-10-26T00:00:00.000Z,40.46
2020-10-27T00:00:00.000Z,41.61
2020-10-28T00:00:00.000Z,39.64
2020-10-29T00:00:00.000Z,38.26
2020-10-30T00:00:00.000Z,37.94
2020-11-02T00:00:00.000Z,38.97
2020-11-03T00:00:00.000Z,39.71
2020-11-04T00:00:00.000Z,41.23
2020-11-05T00:00:00.000Z,40.93
2020-11-06T00:00:00.000Z,39.45
2020-11-09T00:00:00.000Z,39.45
2020-11-10T00:00:00.000Z,43.61
2020-11-11T00:00:00.000Z,43.8
2020-11-12T00:00:00.000Z,43.53
2020-11-13T00:00:00.000Z,42.78
2020-11-16T00:00:00.000Z,43.82
2020-11-17T00:00:00.000Z,43.75
2020-11-18T00:00:00.000Z,44.34
2020-11-19T00:00:00.000Z,44.2
2020-11-20T00:00:00.000Z,44.96
2020-11-23T00:00:00.000Z,46.06
2020-11-24T00:00:00.000Z,47.86
2020-11-25T00:00:00.000Z,48.61
2020-11-26T00:00:00.000Z,47.83
2020-11-27T00:00:00.000Z,48.18
2020-11-30T00:00:00.000Z,47.59
2020-12-01T00:00:00.000Z,47.42
2020-12-02T00:00:00.000Z,48.25
2020-12-03T00:00:00.000Z,48.71
2020-12-04T00:00:00.000Z,49.25
2020-12-07T00:00:00.000Z,48.79
2020-12-08T00:00:00.000Z,48.84
2020-12-09T00:00:00.000Z,48.84
2020-12-10T00:00:00.000Z,50.25
2020-12-11T00:00:00.000Z,49.97
2020-12-14T00:00:00.000Z,50.29
2020-12-15T00:00:00.000Z,50.76
2020-12-16T00:00:00.000Z,51.08
2020-12-17T00:00:00.000Z,51.5
2020-12-18T00:00:00.000Z,52.26
2020-12-21T00:00:00.000Z,50.91
2020-12-22T00:00:00.000Z,50.08
2020-12-23T00:00:00.000Z,51.2
2020-12-24T00:00:00.000Z,51.29
2020-12-25T00:00:00.000Z,51.29
2020-12-28T00:00:00.000Z,50.86
2020-12-29T00:00:00.000Z,51.09
2020-12-30T00:00:00.000Z,51.34
2020-12-31T00:00:00.000Z,51.8
2021-01-01T00:00:00.000Z,51.8
2021-01-04T00:00:00.000Z,51.09
2021-01-05T00:00:00.000Z,53.6
2021-01-06T00:00:00.000Z,54.3
2021-01-07T00:00:00.000Z,54.38
2021-01-08T00:00:00.000Z,55.99
2021-01-11T00:00:00.000Z,55.66
2021-01-12T00:00:00.000Z,56.58
2021-01-13T00:00:00.000Z,56.06
2021-01-14T00:00:00.000Z,56.42
2021-01-15T00:00:00.000Z,55.1
2021-01-18T00:00:00.000Z,55.1
2021-01-19T00:00:00.000Z,55.9
2021-01-20T00:00:00.000Z,56.08
2021-01-21T00:00:00.000Z,56.1
2021-01-22T00:00:00.000Z,55.41
2021-01-25T00:00:00.000Z,55.88
2021-01-26T00:00:00.000Z,55.91
2021-01-27T00:00:00.000Z,55.81
2021-01-28T00:00:00.000Z,55.53
2021-01-29T00:00:00.000Z,55.04
2021-02-01T00:00:00.000Z,56.35
2021-02-02T00:00:00.000Z,57.46
2021-02-03T00:00:00.000Z,58.46
2021-02-04T00:00:00.000Z,58.84
2021-02-05T00:00:00.000Z,59.34
2021-02-08T00:00:00.000Z,60.56
2021-02-09T00:00:00.000Z,61.09
2021-02-10T00:00:00.000Z,61.09
2021-02-11T00:00:00.000Z,61.14
2021-02-12T00:00:00.000Z,62.43
2021-02-15T00:00:00.000Z,62.43
2021-02-16T00:00:00.000Z,63.35
2021-02-17T00:00:00.000Z,64.34
2021-02-18T00:00:00.000Z,63.93
2021-02-19T00:00:00.000Z,62.91
2021-02-22T00:00:00.000Z,65.24
2021-02-23T00:00:00.000Z,65.37
2021-02-24T00:00:00.000Z,67.04
2021-02-25T00:00:00.000Z,66.11
2021-02-26T00:00:00.000Z,66.11
2021-03-01T00:00:00.000Z,63.69
2021-03-02T00:00:00.000Z,62.7
2021-03-03T00:00:00.000Z,64.07
2021-03-04T00:00:00.000Z,66.74
2021-03-05T00:00:00.000Z,69.36
2021-03-08T00:00:00.000Z,68.24
2021-03-09T00:00:00.000Z,67.52
2021-03-10T00:00:00.000Z,67.9
2021-03-11T00:00:00.000Z,69.63
2021-03-12T00:00:00.000Z,69.22
2021-03-15T00:00:00.000Z,68.88
2021-03-16T00:00:00.000Z,68.39
2021-03-17T00:00:00.000Z,68
2021-03-18T00:00:00.000Z,63.28
2021-03-19T00:00:00.000Z,64.53
2021-03-22T00:00:00.000Z,61.56
2021-03-23T00:00:00.000Z,60.86
2021-03-24T00:00:00.000Z,64.25
2021-03-25T00:00:00.000Z,61.8
2021-03-26T00:00:00.000Z,61.8
2021-03-28T00:00:00.000Z,64.43
2021-03-29T00:00:00.000Z,64.92
2021-03-30T00:00:00.000Z,64.17
2021-03-31T00:00:00.000Z,62.74
2021-04-01T00:00:00.000Z,64.86
2021-04-02T00:00:00.000Z,64.86
2021-04-05T00:00:00.000Z,62.15
2021-04-06T00:00:00.000Z,62.74
2021-04-07T00:00:00.000Z,63.16
2021-04-08T00:00:00.000Z,63.2
2021-04-09T00:00:00.000Z,62.95
2021-04-12T00:00:00.000Z,63.28
2021-04-13T00:00:00.000Z,63.67
2021-04-14T00:00:00.000Z,66.58
2021-04-15T00:00:00.000Z,66.94
2021-04-16T00:00:00.000Z,66.77
2021-04-19T00:00:00.000Z,67.05
2021-04-20T00:00:00.000Z,66.57
2021-04-21T00:00:00.000Z,65.32
2021-04-22T00:00:00.000Z,65.4
2021-04-23T00:00:00.000Z,66.11
2021-04-26T00:00:00.000Z,65.65
2021-04-27T00:00:00.000Z,66.42
2021-04-28T00:00:00.000Z,66.78
2021-04-29T00:00:00.000Z,68.05
2021-04-30T00:00:00.000Z,66.76
2021-05-03T00:00:00.000Z,67.56
2021-05-04T00:00:00.000Z,68.88
2021-05-05T00:00:00.000Z,68.96
2021-05-06T00:00:00.000Z,68.09
2021-05-07T00:00:00.000Z,68.28
2021-05-10T00:00:00.000Z,68.32
2021-05-11T00:00:00.000Z,68.55
2021-05-12T00:00:00.000Z,69.32
2021-05-13T00:00:00.000Z,67.05
2021-05-14T00:00:00.000Z,68.71
2021-05-17T00:00:00.000Z,69.46
2021-05-18T00:00:00.000Z,68.71
2021-05-19T00:00:00.000Z,66.66
2021-05-20T00:00:00.000Z,65.11
2021-05-21T00:00:00.000Z,66.44
2021-05-24T00:00:00.000Z,68.46
2021-05-25T00:00:00.000Z,68.65
2021-05-26T00:00:00.000Z,68.73
2021-05-27T00:00:00.000Z,69.2
2021-05-28T00:00:00.000Z,68.72
2021-05-31T00:00:00.000Z,69.68
2021-06-01T00:00:00.000Z,70.25
2021-06-02T00:00:00.000Z,71.35
2021-06-03T00:00:00.000Z,71.31
2021-06-04T00:00:00.000Z,71.89
2021-06-07T00:00:00.000Z,71.49
2021-06-08T00:00:00.000Z,72.22
2021-06-09T00:00:00.000Z,72.22
2021-06-10T00:00:00.000Z,72.52
2021-06-11T00:00:00.000Z,72.69
2021-06-14T00:00:00.000Z,72.86
2021-06-15T00:00:00.000Z,73.99
2021-06-16T00:00:00.000Z,74.39
2021-06-17T00:00:00.000Z,73.08
2021-06-18T00:00:00.000Z,73.51
2021-06-21T00:00:00.000Z,74.9
2021-06-22T00:00:00.000Z,74.81
2021-06-23T00:00:00.000Z,75.19
2021-06-24T00:00:00.000Z,75.56
2021-06-25T00:00:00.000Z,76.18
2021-06-28T00:00:00.000Z,74.68
2021-06-29T00:00:00.000Z,74.68
2021-06-30T00:00:00.000Z,74.62
2021-07-01T00:00:00.000Z,75.84
2021-07-02T00:00:00.000Z,76.17
2021-07-05T00:00:00.000Z,77.17
2021-07-06T00:00:00.000Z,74.53
2021-07-07T00:00:00.000Z,73.43
2021-07-08T00:00:00.000Z,74.12
2021-07-09T00:00:00.000Z,75.55
2021-07-12T00:00:00.000Z,75.16
2021-07-13T00:00:00.000Z,76.49
2021-07-14T00:00:00.000Z,74.76
2021-07-15T00:00:00.000Z,73.47
2021-07-16T00:00:00.000Z,73.59
2021-07-19T00:00:00.000Z,68.62
2021-07-20T00:00:00.000Z,69.35
2021-07-21T00:00:00.000Z,72.23
2021-07-22T00:00:00.000Z,73.79
2021-07-23T00:00:00.000Z,74.1
2021-07-26T00:00:00.000Z,74.5
2021-07-27T00:00:00.000Z,74.48
2021-07-28T00:00:00.000Z,73.87
2021-07-29T00:00:00.000Z,75.1
2021-07-30T00:00:00.000Z,75.41
2021-08-02T00:00:00.000Z,72.89
2021-08-03T00:00:00.000Z,72.41
2021-08-04T00:00:00.000Z,70.38
2021-08-05T00:00:00.000Z,71.29
2021-08-06T00:00:00.000Z,70.7
2021-08-09T00:00:00.000Z,69.04
2021-08-10T00:00:00.000Z,70.63
2021-08-11T00:00:00.000Z,71.44
2021-08-12T00:00:00.000Z,71.31
2021-08-13T00:00:00.000Z,70.59
2021-08-16T00:00:00.000Z,69.51
2021-08-17T00:00:00.000Z,69.03
2021-08-18T00:00:00.000Z,68.23
2021-08-19T00:00:00.000Z,66.45
2021-08-20T00:00:00.000Z,65.18
2021-08-23T00:00:00.000Z,68.75
2021-08-24T00:00:00.000Z,71.05
2021-08-25T00:00:00.000Z,72.25
2021-08-26T00:00:00.000Z,69.57
2021-08-27T00:00:00.000Z,71.05
2021-08-30T00:00:00.000Z,71.53
2021-08-31T00:00:00.000Z,71
2021-09-01T00:00:00.000Z,71.03
2021-09-02T00:00:00.000Z,72.41
2021-09-03T00:00:00.000Z,71.98
2021-09-07T00:00:00.000Z,71.06
2021-09-08T00:00:00.000Z,71.82
2021-09-09T00:00:00.000Z,70.79
2021-09-10T00:00:00.000Z,72.26
2021-09-13T00:00:00.000Z,72.9
2021-09-14T00:00:00.000Z,72.97
2021-09-15T00:00:00.000Z,74.78
2021-09-16T00:00:00.000Z,74.98
2021-09-17T00:00:00.000Z,74.56
2021-09-20T00:00:00.000Z,73.07
2021-09-21T00:00:00.000Z,73.57
2021-09-22T00:00:00.000Z,75.39
2021-09-23T00:00:00.000Z,76.46
2021-09-24T00:00:00.000Z,77.23
2021-09-27T00:00:00.000Z,78.72
2021-09-28T00:00:00.000Z,78.35
2021-09-29T00:00:00.000Z,78.09
2021-09-30T00:00:00.000Z,78.31
2021-10-01T00:00:00.000Z,79.28
2021-10-04T00:00:00.000Z,81.26
2021-10-05T00:00:00.000Z,82.56
2021-10-06T00:00:00.000Z,81.08
2021-10-07T00:00:00.000Z,81.95
2021-10-08T00:00:00.000Z,82.39
2021-10-11T00:00:00.000Z,83.65
2021-10-12T00:00:00.000Z,83.42
2021-10-13T00:00:00.000Z,83.18
2021-10-14T00:00:00.000Z,84
2021-10-15T00:00:00.000Z,84.86
2021-10-18T00:00:00.000Z,84.33
2021-10-19T00:00:00.000Z,85.08
2021-10-20T00:00:00.000Z,85.82
2021-10-21T00:00:00.000Z,84.61
2021-10-22T00:00:00.000Z,85.53
2021-10-25T00:00:00.000Z,85.99
2021-10-26T00:00:00.000Z,86.4
2021-10-27T00:00:00.000Z,84.58
2021-10-28T00:00:00.000Z,83.66
2021-10-29T00:00:00.000Z,83.72
2021-11-01T00:00:00.000Z,84.71
2021-11-02T00:00:00.000Z,84.72
2021-11-03T00:00:00.000Z,81.99
2021-11-04T00:00:00.000Z,80.54
2021-11-05T00:00:00.000Z,82.74
2021-11-08T00:00:00.000Z,83.43
2021-11-09T00:00:00.000Z,84.78
2021-11-10T00:00:00.000Z,82.64
2021-11-11T00:00:00.000Z,82.87
2021-11-12T00:00:00.000Z,82.17
2021-11-15T00:00:00.000Z,82.05
2021-11-16T00:00:00.000Z,82.43
2021-11-17T00:00:00.000Z,80.28
2021-11-18T00:00:00.000Z,81.24
2021-11-19T00:00:00.000Z,78.89
2021-11-22T00:00:00.000Z,79.7
2021-11-23T00:00:00.000Z,82.31
2021-11-24T00:00:00.000Z,82.25
2021-11-25T00:00:00.000Z,80.09
2021-11-26T00:00:00.000Z,71.59
2021-11-29T00:00:00.000Z,73.22
2021-11-30T00:00:00.000Z,69.23
2021-12-01T00:00:00.000Z,68.87
2021-12-02T00:00:00.000Z,69.67
2021-12-03T00:00:00.000Z,69.88
2021-12-06T00:00:00.000Z,73.08
2021-12-07T00:00:00.000Z,75.44
2021-12-08T00:00:00.000Z,75.82
2021-12-09T00:00:00.000Z,74.42
2021-12-10T00:00:00.000Z,75.15
2021-12-13T00:00:00.000Z,74.39
2021-12-14T00:00:00.000Z,73.7
2021-12-15T00:00:00.000Z,73.88
2021-12-16T00:00:00.000Z,75.02
2021-12-17T00:00:00.000Z,73.52
2021-12-20T00:00:00.000Z,71.52
2021-12-21T00:00:00.000Z,73.98
2021-12-22T00:00:00.000Z,75.29
2021-12-23T00:00:00.000Z,76.85
2021-12-27T00:00:00.000Z,78.6
2021-12-28T00:00:00.000Z,78.67
2021-12-29T00:00:00.000Z,79.21
2021-12-30T00:00:00.000Z,79.21
2021-12-31T00:00:00.000Z,77.78
2022-01-03T00:00:00.000Z,78.98
2022-01-04T00:00:00.000Z,80
2022-01-05T00:00:00.000Z,80.8
2022-01-06T00:00:00.000Z,81.99
2022-01-07T00:00:00.000Z,81.75
2022-01-10T00:00:00.000Z,80.87
2022-01-11T00:00:00.000Z,83.72
2022-01-12T00:00:00.000Z,84.67
2022-01-13T00:00:00.000Z,84.47
2022-01-14T00:00:00.000Z,86.06
2022-01-17T00:00:00.000Z,86.4
2022-01-18T00:00:00.000Z,87.51
2022-01-19T00:00:00.000Z,88.44
2022-01-20T00:00:00.000Z,88.38
2022-01-21T00:00:00.000Z,87.89
2022-01-24T00:00:00.000Z,86.27
2022-01-25T00:00:00.000Z,88.2
2022-01-26T00:00:00.000Z,89.96
2022-01-27T00:00:00.000Z,88.17
2022-01-28T00:00:00.000Z,88.52
2022-01-31T00:00:00.000Z,89.26
2022-02-01T00:00:00.000Z,89.16
2022-02-02T00:00:00.000Z,89.47
2022-02-03T00:00:00.000Z,91.11
2022-02-04T00:00:00.000Z,93.27
2022-02-07T00:00:00.000Z,92.69
2022-02-08T00:00:00.000Z,90.78
2022-02-09T00:00:00.000Z,91.55
2022-02-10T00:00:00.000Z,91.41
2022-02-11T00:00:00.000Z,94.44
2022-02-14T00:00:00.000Z,96.48
2022-02-15T00:00:00.000Z,93.28
2022-02-16T00:00:00.000Z,94.81
2022-02-17T00:00:00.000Z,92.97
2022-02-18T00:00:00.000Z,93.54
2022-02-22T00:00:00.000Z,96.84
2022-02-23T00:00:00.000Z,96.84
2022-02-24T00:00:00.000Z,92.81
2022-02-25T00:00:00.000Z,94.12
2022-02-28T00:00:00.000Z,97.97
2022-03-01T00:00:00.000Z,104.97
2022-03-02T00:00:00.000Z,112.93
2022-03-03T00:00:00.000Z,110.46
2022-03-04T00:00:00.000Z,118.11
2022-03-07T00:00:00.000Z,123.21
2022-03-08T00:00:00.000Z,123.48
2022-03-09T00:00:00.000Z,107.03
2022-03-10T00:00:00.000Z,109.33
2022-03-11T00:00:00.000Z,109.1
2022-03-14T00:00:00.000Z,103.4
2022-03-15T00:00:00.000Z,97.58
2022-03-16T00:00:00.000Z,95.64
2022-03-17T00:00:00.000Z,103.56
2022-03-18T00:00:00.000Z,105.07
2022-03-21T00:00:00.000Z,111.92
2022-03-22T00:00:00.000Z,111.83
2022-03-23T00:00:00.000Z,117.75
2022-03-24T00:00:00.000Z,115.3
2022-03-25T00:00:00.000Z,117.37
2022-03-28T00:00:00.000Z,109.49
2022-03-29T00:00:00.000Z,107.71
2022-03-30T00:00:00.000Z,111.44
2022-03-31T00:00:00.000Z,104.71
2022-04-01T00:00:00.000Z,104.39
2022-04-04T00:00:00.000Z,107.53
2022-04-05T00:00:00.000Z,106.64
2022-04-06T00:00:00.000Z,101.07
2022-04-07T00:00:00.000Z,100.58
2022-04-08T00:00:00.000Z,102.78
2022-04-11T00:00:00.000Z,98.48
2022-04-12T00:00:00.000Z,104.64
2022-04-13T00:00:00.000Z,108.78
2022-04-14T00:00:00.000Z,111.7
2022-04-18T00:00:00.000Z,113.16
2022-04-19T00:00:00.000Z,107.25
2022-04-20T00:00:00.000Z,106.8
2022-04-21T00:00:00.000Z,108.33
2022-04-22T00:00:00.000Z,102.07
2022-04-25T00:00:00.000Z,102.32
2022-04-26T00:00:00.000Z,104.99
2022-04-27T00:00:00.000Z,104.95
2022-04-28T00:00:00.000Z,107.26
2022-04-29T00:00:00.000Z,107.14
2022-05-02T00:00:00.000Z,107.58
2022-05-03T00:00:00.000Z,104.97
2022-05-04T00:00:00.000Z,110.14
2022-05-05T00:00:00.000Z,110.9
2022-05-06T00:00:00.000Z,112.39
2022-05-09T00:00:00.000Z,105.94
2022-05-10T00:00:00.000Z,102.46
2022-05-11T00:00:00.000Z,107.51
2022-05-12T00:00:00.000Z,107.45
2022-05-13T00:00:00.000Z,111.55
2022-05-16T00:00:00.000Z,114.24
2022-05-17T00:00:00.000Z,111.93
2022-05-18T00:00:00.000Z,109.11
2022-05-19T00:00:00.000Z,112.04
2022-05-20T00:00:00.000Z,112.55
2022-05-23T00:00:00.000Z,113.42
2022-05-24T00:00:00.000Z,113.56
2022-05-25T00:00:00.000Z,114.03
2022-05-26T00:00:00.000Z,114.17
2022-05-27T00:00:00.000Z,115.56
2022-05-31T00:00:00.000Z,115.6
2022-06-01T00:00:00.000Z,116.29
2022-06-02T00:00:00.000Z,117.61
2022-06-03T00:00:00.000Z,119.72
2022-06-06T00:00:00.000Z,119.51
2022-06-07T00:00:00.000Z,120.57
2022-06-08T00:00:00.000Z,123.58
2022-06-09T00:00:00.000Z,123.07
2022-06-10T00:00:00.000Z,122.01
2022-06-13T00:00:00.000Z,122.27
2022-06-14T00:00:00.000Z,121.17
2022-06-15T00:00:00.000Z,118.51
2022-06-16T00:00:00.000Z,119.81
2022-06-17T00:00:00.000Z,113.12
2022-06-21T00:00:00.000Z,114.65
2022-06-22T00:00:00.000Z,111.74
2022-06-23T00:00:00.000Z,110.05
2022-06-24T00:00:00.000Z,113.12
2022-06-27T00:00:00.000Z,110.98
2022-06-28T00:00:00.000Z,113.8
2022-06-29T00:00:00.000Z,112.45
2022-06-30T00:00:00.000Z,109.03
2022-07-01T00:00:00.000Z,111.63
2022-07-05T00:00:00.000Z,102.77
2022-07-06T00:00:00.000Z,100.69
2022-07-07T00:00:00.000Z,104.65
2022-07-08T00:00:00.000Z,107.02
2022-07-11T00:00:00.000Z,107.1
2022-07-12T00:00:00.000Z,99.49
2022-07-13T00:00:00.000Z,99.57
2022-07-14T00:00:00.000Z,99.1
2022-07-15T00:00:00.000Z,101.16
2022-07-18T00:00:00.000Z,106.27
2022-07-19T00:00:00.000Z,107.35
2022-07-20T00:00:00.000Z,106.92
2022-07-21T00:00:00.000Z,103.86
2022-07-22T00:00:00.000Z,103.2
2022-07-25T00:00:00.000Z,105.15
2022-07-26T00:00:00.000Z,104.4
2022-07-27T00:00:00.000Z,97.75
2022-07-28T00:00:00.000Z,97.74
2022-07-29T00:00:00.000Z,99.62
2022-08-01T00:00:00.000Z,96.47
2022-08-02T00:00:00.000Z,97.28
2022-08-03T00:00:00.000Z,94.06
2022-08-04T00:00:00.000Z,91.31
2022-08-05T00:00:00.000Z,91.92
2022-08-08T00:00:00.000Z,93.9
2022-08-09T00:00:00.000Z,93.64
2022-08-10T00:00:00.000Z,95.18
2022-08-11T00:00:00.000Z,97.15
2022-08-12T00:00:00.000Z,95.78
2022-08-15T00:00:00.000Z,93.4
2022-08-16T00:00:00.000Z,91.06
2022-08-17T00:00:00.000Z,92.3
2022-08-18T00:00:00.000Z,94.68
2022-08-19T00:00:00.000Z,95.14
2022-08-22T00:00:00.000Z,94.88
2022-08-23T00:00:00.000Z,98
2022-08-24T00:00:00.000Z,99.11
2022-08-25T00:00:00.000Z,97.25
2022-08-26T00:00:00.000Z,97.35
2022-08-29T00:00:00.000Z,100.94
2022-08-30T00:00:00.000Z,96.46
2022-08-31T00:00:00.000Z,94.21
2022-09-01T00:00:00.000Z,91.32
2022-09-02T00:00:00.000Z,91.81
2022-09-05T00:00:00.000Z,91.81
2022-09-06T00:00:00.000Z,91.97
2022-09-07T00:00:00.000Z,87.21
2022-09-08T00:00:00.000Z,88.25
2022-09-09T00:00:00.000Z,91.71
2022-09-12T00:00:00.000Z,92.93
2022-09-13T00:00:00.000Z,92.22
2022-09-14T00:00:00.000Z,93.12
2022-09-15T00:00:00.000Z,89.61
2022-09-16T00:00:00.000Z,90.05
2022-09-19T00:00:00.000Z,90.66
2022-09-20T00:00:00.000Z,89.4
2022-09-21T00:00:00.000Z,88.8
2022-09-22T00:00:00.000Z,89.53
2022-09-23T00:00:00.000Z,85.03
2022-09-26T00:00:00.000Z,82.86
2022-09-27T00:00:00.000Z,84.87
2022-09-28T00:00:00.000Z,88.05
2022-09-29T00:00:00.000Z,87.18
2022-09-30T00:00:00.000Z,85.14
2022-10-03T00:00:00.000Z,88.86
2022-10-04T00:00:00.000Z,91.8
2022-10-05T00:00:00.000Z,93.37
2022-10-06T00:00:00.000Z,94.42
2022-10-07T00:00:00.000Z,97.92
2022-10-08T00:00:00.000Z,97.92
2022-10-09T00:00:00.000Z,97.92
2022-10-10T00:00:00.000Z,96.19
2022-10-11T00:00:00.000Z,94.29
2022-10-12T00:00:00.000Z,92.45
2022-10-13T00:00:00.000Z,94.57
2022-10-14T00:00:00.000Z,91.63
2022-10-15T00:00:00.000Z,91.63
2022-10-16T00:00:00.000Z,91.63
2022-10-17T00:00:00.000Z,91.62
2022-10-18T00:00:00.000Z,90.03
2022-10-19T00:00:00.000Z,92.41
2022-10-20T00:00:00.000Z,92.38
2022-10-21T00:00:00.000Z,93.5
2022-10-22T00:00:00.000Z,93.5
2022-10-23T00:00:00.000Z,93.5
2022-10-24T00:00:00.000Z,93.26
2022-10-25T00:00:00.000Z,93.52
2022-10-26T00:00:00.000Z,95.69
2022-10-27T00:00:00.000Z,96.96
2022-10-28T00:00:00.000Z,95.77
2022-10-29T00:00:00.000Z,95.77
2022-10-30T00:00:00.000Z,95.77
2022-10-31T00:00:00.000Z,94.83
2022-11-01T00:00:00.000Z,94.8
2022-11-02T00:00:00.000Z,96.16
2022-11-03T00:00:00.000Z,94.67
2022-11-04T00:00:00.000Z,98.57
2022-11-05T00:00:00.000Z,98.57
2022-11-06T00:00:00.000Z,98.57
2022-11-07T00:00:00.000Z,97.92
2022-11-08T00:00:00.000Z,95.36
2022-11-09T00:00:00.000Z,92.65
2022-11-10T00:00:00.000Z,93.67
2022-11-11T00:00:00.000Z,95.99
2022-11-12T00:00:00.000Z,95.99
2022-11-13T00:00:00.000Z,95.99
2022-11-14T00:00:00.000Z,93.14
2022-11-15T00:00:00.000Z,93.86
2022-11-16T00:00:00.000Z,92.86
2022-11-17T00:00:00.000Z,89.78
2022-11-18T00:00:00.000Z,87.62
2022-11-19T00:00:00.000Z,87.62
2022-11-20T00:00:00.000Z,87.62
2022-11-21T00:00:00.000Z,87.45
2022-11-22T00:00:00.000Z,88.36
2022-11-23T00:00:00.000Z,85.41
2022-11-24T00:00:00.000Z,85.41
2022-11-25T00:00:00.000Z,83.63
2022-11-26T00:00:00.000Z,83.63
2022-11-27T00:00:00.000Z,83.63
2022-11-28T00:00:00.000Z,83.19
2022-11-29T00:00:00.000Z,84.25
2022-11-30T00:00:00.000Z,86.97
2022-12-01T00:00:00.000Z,86.88
2022-12-02T00:00:00.000Z,85.57
2022-12-03T00:00:00.000Z,85.57
2022-12-04T00:00:00.000Z,85.57
2022-12-05T00:00:00.000Z,82.68
2022-12-06T00:00:00.000Z,82.68
2022-12-07T00:00:00.000Z,77.17
2022-12-08T00:00:00.000Z,76.15
2022-12-09T00:00:00.000Z,76.15
2022-12-10T00:00:00.000Z,76.15
2022-12-11T00:00:00.000Z,76.15
2022-12-12T00:00:00.000Z,77.99
2022-12-13T00:00:00.000Z,80.68
2022-12-14T00:00:00.000Z,82.7
2022-12-15T00:00:00.000Z,81.21
2022-12-16T00:00:00.000Z,79.04
2022-12-17T00:00:00.000Z,79.04
2022-12-18T00:00:00.000Z,79.04
2022-12-19T00:00:00.000Z,79.8
2022-12-20T00:00:00.000Z,79.8
2022-12-21T00:00:00.000Z,82.2
2022-12-22T00:00:00.000Z,80.98
2022-12-23T00:00:00.000Z,84.5
2022-12-24T00:00:00.000Z,84.5
2022-12-25T00:00:00.000Z,84.5
2022-12-26T00:00:00.000Z,84.5
2022-12-27T00:00:00.000Z,84.5
2022-12-28T00:00:00.000Z,83.99
2022-12-29T00:00:00.000Z,83.46
2022-12-30T00:00:00.000Z,85.91
2022-12-31T00:00:00.000Z,85.91
2023-01-01T00:00:00.000Z,85.91
2023-01-02T00:00:00.000Z,85.91
2023-01-03T00:00:00.000Z,82.1
2023-01-04T00:00:00.000Z,77.84
2023-01-05T00:00:00.000Z,78.69
2023-01-06T00:00:00.000Z,78.57
2023-01-07T00:00:00.000Z,78.57
2023-01-08T00:00:00.000Z,78.57
2023-01-09T00:00:00.000Z,79.65
2023-01-10T00:00:00.000Z,80.1
2023-01-11T00:00:00.000Z,82.67
2023-01-12T00:00:00.000Z,84.03
2023-01-13T00:00:00.000Z,85.28
2023-01-14T00:00:00.000Z,85.28
2023-01-15T00:00:00.000Z,85.28
2023-01-16T00:00:00.000Z,85.28
2023-01-17T00:00:00.000Z,85.92
2023-01-18T00:00:00.000Z,84.98
2023-01-19T00:00:00.000Z,84.98
2023-01-20T00:00:00.000Z,87.63
2023-01-21T00:00:00.000Z,87.63
2023-01-22T00:00:00.000Z,87.63
2023-01-23T00:00:00.000Z,88.19
2023-01-24T00:00:00.000Z,86.13
2023-01-25T00:00:00.000Z,86.12
2023-01-26T00:00:00.000Z,87.28
2023-01-27T00:00:00.000Z,86.4
2023-01-28T00:00:00.000Z,86.4
2023-01-29T00:00:00.000Z,86.4
2023-01-30T00:00:00.000Z,84.5
2023-01-31T00:00:00.000Z,85.46
2023-02-01T00:00:00.000Z,82.84
2023-02-02T00:00:00.000Z,82.17
2023-02-03T00:00:00.000Z,79.94
2023-02-04T00:00:00.000Z,79.94
2023-02-05T00:00:00.000Z,79.94
2023-02-06T00:00:00.000Z,80.99
2023-02-07T00:00:00.000Z,83.69
2023-02-08T00:00:00.000Z,85.09
2023-02-09T00:00:00.000Z,84.5
2023-02-10T00:00:00.000Z,86.39
2023-02-11T00:00:00.000Z,86.39
2023-02-12T00:00:00.000Z,86.39
2023-02-13T00:00:00.000Z,86.61
2023-02-14T00:00:00.000Z,85.58
2023-02-15T00:00:00.000Z,85.38
2023-02-16T00:00:00.000Z,85.14
2023-02-17T00:00:00.000Z,83
2023-02-18T00:00:00.000Z,83
2023-02-19T00:00:00.000Z,83
2023-02-20T00:00:00.000Z,83
2023-02-21T00:00:00.000Z,83.05
2023-02-22T00:00:00.000Z,80.6
2023-02-23T00:00:00.000Z,82.21
2023-02-24T00:00:00.000Z,83.16
2023-02-25T00:00:00.000Z,83.16
2023-02-26T00:00:00.000Z,83.16
2023-02-27T00:00:00.000Z,82.04
2023-02-28T00:00:00.000Z,83.45
2023-03-01T00:00:00.000Z,84.31
2023-03-02T00:00:00.000Z,84.75
2023-03-03T00:00:00.000Z,85.83
2023-03-04T00:00:00.000Z,85.83
2023-03-05T00:00:00.000Z,85.83
2023-03-06T00:00:00.000Z,86.18
2023-03-07T00:00:00.000Z,83.29
2023-03-08T00:00:00.000Z,82.66
2023-03-09T00:00:00.000Z,81.59
2023-03-10T00:00:00.000Z,82.78
2023-03-11T00:00:00.000Z,82.78
2023-03-12T00:00:00.000Z,82.78
2023-03-13T00:00:00.000Z,80.77
2023-03-14T00:00:00.000Z,77.45
2023-03-15T00:00:00.000Z,73.69
2023-03-16T00:00:00.000Z,74.7
2023-03-17T00:00:00.000Z,72.97
2023-03-18T00:00:00.000Z,72.97
2023-03-19T00:00:00.000Z,72.97
2023-03-20T00:00:00.000Z,73.79
2023-03-21T00:00:00.000Z,75.32
2023-03-22T00:00:00.000Z,76.69
2023-03-23T00:00:00.000Z,75.91
2023-03-24T00:00:00.000Z,74.99
2023-03-25T00:00:00.000Z,74.99
2023-03-26T00:00:00.000Z,74.99
2023-03-27T00:00:00.000Z,78.12
2023-03-28T00:00:00.000Z,78.65
2023-03-29T00:00:00.000Z,78.28
2023-03-30T00:00:00.000Z,79.27
2023-03-31T00:00:00.000Z,79.77
2023-04-01T00:00:00.000Z,79.77
2023-04-02T00:00:00.000Z,79.77
2023-04-03T00:00:00.000Z,79.77
2023-04-04T00:00:00.000Z,79.77
2023-04-05T00:00:00.000Z,79.77
2023-04-06T00:00:00.000Z,79.77
2023-04-07T00:00:00.000Z,79.77
2023-04-08T00:00:00.000Z,79.77
2023-04-09T00:00:00.000Z,79.77
2023-04-10T00:00:00.000Z,79.77
2023-04-11T00:00:00.000Z,79.77
2023-04-12T00:00:00.000Z,79.77
2023-04-13T00:00:00.000Z,79.77
2023-04-14T00:00:00.000Z,86.31
2023-04-15T00:00:00.000Z,86.31
2023-04-16T00:00:00.000Z,86.31
2023-04-17T00:00:00.000Z,84.76
2023-04-18T00:00:00.000Z,84.77
2023-04-19T00:00:00.000Z,83.12
2023-04-20T00:00:00.000Z,81.1
2023-04-21T00:00:00.000Z,81.66
2023-04-22T00:00:00.000Z,81.66
2023-04-23T00:00:00.000Z,81.66
2023-04-24T00:00:00.000Z,82.73
2023-04-25T00:00:00.000Z,80.77
2023-04-26T00:00:00.000Z,77.69
2023-04-27T00:00:00.000Z,78.37
2023-04-28T00:00:00.000Z,79.54
2023-04-29T00:00:00.000Z,79.54
2023-04-30T00:00:00.000Z,79.54
2023-05-01T00:00:00.000Z,79.54
2023-05-02T00:00:00.000Z,75.32
2023-05-03T00:00:00.000Z,72.33
2023-05-04T00:00:00.000Z,72.5
2023-05-05T00:00:00.000Z,75.3
2023-05-06T00:00:00.000Z,75.3
2023-05-07T00:00:00.000Z,75.3
2023-05-08T00:00:00.000Z,77.01
2023-05-09T00:00:00.000Z,77.44
2023-05-10T00:00:00.000Z,76.41
2023-05-11T00:00:00.000Z,76.41
2023-05-12T00:00:00.000Z,76.41
2023-05-13T00:00:00.000Z,76.41
2023-05-14T00:00:00.000Z,76.41
2023-05-15T00:00:00.000Z,76.41
2023-05-16T00:00:00.000Z,76.41
2023-05-17T00:00:00.000Z,76.41
2023-05-18T00:00:00.000Z,76.41
2023-05-19T00:00:00.000Z,76.41
2023-05-20T00:00:00.000Z,76.41
2023-05-21T00:00:00.000Z,76.41
2023-05-22T00:00:00.000Z,75.99
2023-05-23T00:00:00.000Z,76.84
2023-05-24T00:00:00.000Z,78.36
2023-05-25T00:00:00.000Z,76.26
2023-05-26T00:00:00.000Z,76.95
2023-05-27T00:00:00.000Z,76.95
2023-05-28T00:00:00.000Z,76.95
2023-05-29T00:00:00.000Z,77.12
2023-05-30T00:00:00.000Z,73.54
2023-05-31T00:00:00.000Z,72.66
2023-06-01T00:00:00.000Z,72.68
2023-06-02T00:00:00.000Z,76.13
2023-06-03T00:00:00.000Z,76.13
2023-06-04T00:00:00.000Z,76.13
2023-06-05T00:00:00.000Z,76.71
2023-06-06T00:00:00.000Z,76.29
2023-06-07T00:00:00.000Z,76.29
2023-06-08T00:00:00.000Z,76.29
2023-06-09T00:00:00.000Z,76.29
2023-06-10T00:00:00.000Z,76.29
2023-06-11T00:00:00.000Z,76.29
2023-06-12T00:00:00.000Z,71.84
2023-06-13T00:00:00.000Z,74.29
2023-06-14T00:00:00.000Z,73.2
2023-06-15T00:00:00.000Z,75.67
2023-06-16T00:00:00.000Z,76.61
2023-06-17T00:00:00.000Z,76.61
2023-06-18T00:00:00.000Z,76.61
2023-06-19T00:00:00.000Z,76.61
2023-06-20T00:00:00.000Z,75.9
2023-06-21T00:00:00.000Z,77.12
2023-06-22T00:00:00.000Z,74.14
2023-06-23T00:00:00.000Z,73.85
2023-06-24T00:00:00.000Z,73.85
2023-06-25T00:00:00.000Z,73.85
2023-06-26T00:00:00.000Z,74.18
2023-06-27T00:00:00.000Z,72.26
2023-06-28T00:00:00.000Z,74.03
2023-06-29T00:00:00.000Z,74.34
2023-06-30T00:00:00.000Z,74.9
2023-07-01T00:00:00.000Z,74.9
2023-07-02T00:00:00.000Z,74.9
2023-07-03T00:00:00.000Z,74.65
2023-07-04T00:00:00.000Z,74.65
2023-07-05T00:00:00.000Z,76.65
2023-07-06T00:00:00.000Z,76.52
2023-07-07T00:00:00.000Z,78.47
2023-07-08T00:00:00.000Z,78.47
2023-07-09T00:00:00.000Z,78.47
2023-07-10T00:00:00.000Z,77.69
2023-07-11T00:00:00.000Z,79.4
2023-07-12T00:00:00.000Z,80.11
2023-07-13T00:00:00.000Z,81.36
2023-07-14T00:00:00.000Z,79.87
2023-07-15T00:00:00.000Z,79.87
2023-07-16T00:00:00.000Z,79.87
2023-07-17T00:00:00.000Z,78.5
2023-07-18T00:00:00.000Z,79.63
2023-07-19T00:00:00.000Z,79.46
2023-07-20T00:00:00.000Z,79.64
2023-07-21T00:00:00.000Z,81.07
2023-07-22T00:00:00.000Z,81.07
2023-07-23T00:00:00.000Z,81.07
2023-07-24T00:00:00.000Z,82.74
2023-07-25T00:00:00.000Z,83.64
2023-07-26T00:00:00.000Z,82.92
2023-07-27T00:00:00.000Z,84.24
2023-07-28T00:00:00.000Z,84.99
2023-07-29T00:00:00.000Z,84.99
2023-07-30T00:00:00.000Z,84.99
2023-07-31T00:00:00.000Z,85.56
2023-08-01T00:00:00.000Z,84.91
2023-08-02T00:00:00.000Z,83.2
2023-08-03T00:00:00.000Z,85.14
2023-08-04T00:00:00.000Z,86.24
2023-08-05T00:00:00.000Z,86.24
2023-08-06T00:00:00.000Z,86.24
2023-08-07T00:00:00.000Z,85.34
2023-08-08T00:00:00.000Z,86.17
2023-08-09T00:00:00.000Z,87.55
2023-08-10T00:00:00.000Z,86.4
2023-08-11T00:00:00.000Z,86.81
2023-08-12T00:00:00.000Z,86.81
2023-08-13T00:00:00.000Z,86.81
2023-08-14T00:00:00.000Z,86.21
2023-08-15T00:00:00.000Z,84.89
2023-08-16T00:00:00.000Z,83.45
2023-08-17T00:00:00.000Z,84.12
2023-08-18T00:00:00.000Z,84.8
2023-08-19T00:00:00.000Z,84.8
2023-08-20T00:00:00.000Z,84.8
2023-08-21T00:00:00.000Z,84.46
2023-08-22T00:00:00.000Z,84.03
2023-08-23T00:00:00.000Z,83.21
2023-08-24T00:00:00.000Z,83.36
2023-08-25T00:00:00.000Z,84.48
2023-08-26T00:00:00.000Z,84.48
2023-08-27T00:00:00.000Z,84.48
2023-08-28T00:00:00.000Z,84.42
2023-08-29T00:00:00.000Z,85.49
2023-08-30T00:00:00.000Z,85.86
2023-08-31T00:00:00.000Z,86.86
2023-09-01T00:00:00.000Z,88.55
2023-09-02T00:00:00.000Z,88.55
2023-09-03T00:00:00.000Z,88.55
2023-09-04T00:00:00.000Z,88.55
2023-09-05T00:00:00.000Z,90.25
2023-09-06T00:00:00.000Z,90.6
2023-09-07T00:00:00.000Z,89.92
2023-09-08T00:00:00.000Z,90.65
2023-09-09T00:00:00.000Z,90.65
2023-09-10T00:00:00.000Z,90.65
2023-09-11T00:00:00.000Z,90.64
2023-09-12T00:00:00.000Z,92.06
2023-09-13T00:00:00.000Z,91.88
2023-09-14T00:00:00.000Z,93.7
2023-09-15T00:00:00.000Z,93.93
2023-09-16T00:00:00.000Z,93.93
2023-09-17T00:00:00.000Z,93.93
2023-09-18T00:00:00.000Z,94.43
2023-09-19T00:00:00.000Z,94.34
2023-09-20T00:00:00.000Z,93.53
2023-09-21T00:00:00.000Z,93.3
2023-09-22T00:00:00.000Z,93.27
2023-09-23T00:00:00.000Z,93.27
2023-09-24T00:00:00.000Z,93.27
2023-09-25T00:00:00.000Z,93.29
2023-09-26T00:00:00.000Z,93.96
2023-09-27T00:00:00.000Z,96.55
2023-09-28T00:00:00.000Z,95.38
2023-09-29T00:00:00.000Z,95.31
2023-09-30T00:00:00.000Z,95.31
2023-10-01T00:00:00.000Z,95.31
2023-10-02T00:00:00.000Z,90.71
2023-10-03T00:00:00.000Z,90.92
2023-10-04T00:00:00.000Z,85.81
2023-10-05T00:00:00.000Z,84.07
2023-10-06T00:00:00.000Z,84.58
2023-10-07T00:00:00.000Z,84.58
2023-10-08T00:00:00.000Z,84.58
2023-10-09T00:00:00.000Z,88.15
2023-10-10T00:00:00.000Z,87.65
2023-10-11T00:00:00.000Z,85.82
2023-10-12T00:00:00.000Z,86
2023-10-13T00:00:00.000Z,90.89
2023-10-14T00:00:00.000Z,90.89
2023-10-15T00:00:00.000Z,90.89
2023-10-16T00:00:00.000Z,89.65
2023-10-17T00:00:00.000Z,89.9
2023-10-18T00:00:00.000Z,91.5
2023-10-19T00:00:00.000Z,92.38
2023-10-20T00:00:00.000Z,92.16
2023-10-21T00:00:00.000Z,92.16
2023-10-22T00:00:00.000Z,92.16
2023-10-23T00:00:00.000Z,89.83
2023-10-24T00:00:00.000Z,88.07
2023-10-25T00:00:00.000Z,90.13
2023-10-26T00:00:00.000Z,87.93
2023-10-27T00:00:00.000Z,90.48
2023-10-28T00:00:00.000Z,90.48
2023-10-29T00:00:00.000Z,90.48
2023-10-30T00:00:00.000Z,87.45
2023-10-31T00:00:00.000Z,87.41
2023-11-01T00:00:00.000Z,84.63
2023-11-02T00:00:00.000Z,86.85
2023-11-03T00:00:00.000Z,84.89
2023-11-04T00:00:00.000Z,84.89
2023-11-05T00:00:00.000Z,84.89
2023-11-06T00:00:00.000Z,85.18
2023-11-07T00:00:00.000Z,81.61
2023-11-08T00:00:00.000Z,79.54
2023-11-09T00:00:00.000Z,80.01
2023-11-10T00:00:00.000Z,81.43
2023-11-11T00:00:00.000Z,81.43
2023-11-12T00:00:00.000Z,81.43
2023-11-13T00:00:00.000Z,82.52
2023-11-14T00:00:00.000Z,82.47
2023-11-15T00:00:00.000Z,81.18
2023-11-16T00:00:00.000Z,77.42
2023-11-17T00:00:00.000Z,80.61
2023-11-18T00:00:00.000Z,80.61
2023-11-19T00:00:00.000Z,80.61
2023-11-20T00:00:00.000Z,82.32
2023-11-21T00:00:00.000Z,82.45
2023-11-22T00:00:00.000Z,81.96
2023-11-23T00:00:00.000Z,81.37
2023-11-24T00:00:00.000Z,80.58
2023-11-25T00:00:00.000Z,80.58
2023-11-26T00:00:00.000Z,80.58
2023-11-27T00:00:00.000Z,79.98
2023-11-28T00:00:00.000Z,81.68
2023-11-29T00:00:00.000Z,83.1
2023-11-30T00:00:00.000Z,82.83
2023-12-01T00:00:00.000Z,82.83
2023-12-02T00:00:00.000Z,82.83
2023-12-03T00:00:00.000Z,82.83
2023-12-04T00:00:00.000Z,82.83
2023-12-05T00:00:00.000Z,77.2
2023-12-06T00:00:00.000Z,74.3
2023-12-07T00:00:00.000Z,74.05
2023-12-08T00:00:00.000Z,75.84
2023-12-09T00:00:00.000Z,75.84
2023-12-10T00:00:00.000Z,75.84
2023-12-11T00:00:00.000Z,76.03
2023-12-12T00:00:00.000Z,73.24
2023-12-13T00:00:00.000Z,74.26
2023-12-14T00:00:00.000Z,76.61
2023-12-15T00:00:00.000Z,76.55
2023-12-16T00:00:00.000Z,76.55
2023-12-17T00:00:00.000Z,76.55
2023-12-18T00:00:00.000Z,77.95
2023-12-19T00:00:00.000Z,79.23
2023-12-20T00:00:00.000Z,79.7
2023-12-21T00:00:00.000Z,79.39
2023-12-22T00:00:00.000Z,79.07
2023-12-23T00:00:00.000Z,79.07
2023-12-24T00:00:00.000Z,79.07
2023-12-25T00:00:00.000Z,79.07
2023-12-26T00:00:00.000Z,81.07
2023-12-27T00:00:00.000Z,79.65
2023-12-28T00:00:00.000Z,78.39
2023-12-29T00:00:00.000Z,77.04
2023-12-30T00:00:00.000Z,77.04
2023-12-31T00:00:00.000Z,77.04
2024-01-01T00:00:00.000Z,77.04
2024-01-02T00:00:00.000Z,75.89
2024-01-03T00:00:00.000Z,78.25
2024-01-04T00:00:00.000Z,77.59
2024-01-05T00:00:00.000Z,78.76
2024-01-06T00:00:00.000Z,78.76
2024-01-07T00:00:00.000Z,78.76
2024-01-08T00:00:00.000Z,76.12
2024-01-09T00:00:00.000Z,77.59
2024-01-10T00:00:00.000Z,76.8
2024-01-11T00:00:00.000Z,77.41
2024-01-12T00:00:00.000Z,78.29
2024-01-13T00:00:00.000Z,78.29
2024-01-14T00:00:00.000Z,78.29
2024-01-15T00:00:00.000Z,78.29
2024-01-16T00:00:00.000Z,78.29
2024-01-17T00:00:00.000Z,77.88
2024-01-18T00:00:00.000Z,79.1
2024-01-19T00:00:00.000Z,78.56
2024-01-20T00:00:00.000Z,78.56
2024-01-21T00:00:00.000Z,78.56
2024-01-22T00:00:00.000Z,80.06
2024-01-23T00:00:00.000Z,79.55
2024-01-24T00:00:00.000Z,80.04
2024-01-25T00:00:00.000Z,82.43
2024-01-26T00:00:00.000Z,83.55
2024-01-27T00:00:00.000Z,83.55
2024-01-28T00:00:00.000Z,83.55
2024-01-29T00:00:00.000Z,82.4
2024-01-30T00:00:00.000Z,82.87
2024-01-31T00:00:00.000Z,81.71
2024-02-01T00:00:00.000Z,81.74
2024-02-02T00:00:00.000Z,77.33
2024-02-03T00:00:00.000Z,77.33
2024-02-04T00:00:00.000Z,77.33
2024-02-05T00:00:00.000Z,77.99
2024-02-06T00:00:00.000Z,78.59
2024-02-07T00:00:00.000Z,79.21
2024-02-08T00:00:00.000Z,81.63
2024-02-09T00:00:00.000Z,82.19
2024-02-10T00:00:00.000Z,82.19
2024-02-11T00:00:00.000Z,82.19
2024-02-12T00:00:00.000Z,82
2024-02-13T00:00:00.000Z,82.77
2024-02-14T00:00:00.000Z,81.6
2024-02-15T00:00:00.000Z,82.86
2024-02-16T00:00:00.000Z,83.47
2024-02-17T00:00:00.000Z,83.47
2024-02-18T00:00:00.000Z,83.47
2024-02-19T00:00:00.000Z,83.47
2024-02-20T00:00:00.000Z,82.34
2024-02-21T00:00:00.000Z,83.03
2024-02-22T00:00:00.000Z,83.67
2024-02-23T00:00:00.000Z,81.62
2024-02-24T00:00:00.000Z,81.62
2024-02-25T00:00:00.000Z,81.62
2024-02-26T00:00:00.000Z,82.53
2024-02-27T00:00:00.000Z,83.65
2024-02-28T00:00:00.000Z,83.65
2024-02-29T00:00:00.000Z,83.62
2024-03-01T00:00:00.000Z,83.55
2024-03-02T00:00:00.000Z,83.55
2024-03-03T00:00:00.000Z,83.55
2024-03-04T00:00:00.000Z,82.8
2024-03-05T00:00:00.000Z,82.04
2024-03-06T00:00:00.000Z,82.96
2024-03-07T00:00:00.000Z,82.96
2024-03-08T00:00:00.000Z,82.08
2024-03-09T00:00:00.000Z,82.08
2024-03-10T00:00:00.000Z,82.08
2024-03-11T00:00:00.000Z,82.21
2024-03-12T00:00:00.000Z,81.92
2024-03-13T00:00:00.000Z,84.03
2024-03-14T00:00:00.000Z,85.42
2024-03-15T00:00:00.000Z,85.34
2024-03-16T00:00:00.000Z,85.34
2024-03-17T00:00:00.000Z,85.34
2024-03-18T00:00:00.000Z,86.89
2024-03-19T00:00:00.000Z,87.38
2024-03-20T00:00:00.000Z,85.95
2024-03-21T00:00:00.000Z,85.78
2024-03-22T00:00:00.000Z,85.43
2024-03-23T00:00:00.000Z,85.43
2024-03-24T00:00:00.000Z,85.43
2024-03-25T00:00:00.000Z,86.75
2024-03-26T00:00:00.000Z,86.25
2024-03-27T00:00:00.000Z,86.09
2024-03-28T00:00:00.000Z,87.48
2024-03-29T00:00:00.000Z,87.48
2024-03-30T00:00:00.000Z,87.48
2024-03-31T00:00:00.000Z,87.48
2024-04-01T00:00:00.000Z,87.42
2024-04-02T00:00:00.000Z,88.92
2024-04-03T00:00:00.000Z,89.35
2024-04-04T00:00:00.000Z,90.65
2024-04-05T00:00:00.000Z,91.17
2024-04-06T00:00:00.000Z,91.17
2024-04-07T00:00:00.000Z,91.17
2024-04-08T00:00:00.000Z,90.38
2024-04-09T00:00:00.000Z,89.42
2024-04-10T00:00:00.000Z,90.48
2024-04-11T00:00:00.000Z,89.74
2024-04-12T00:00:00.000Z,89.74
2024-04-13T00:00:00.000Z,89.74
2024-04-14T00:00:00.000Z,89.74
2024-04-15T00:00:00.000Z,90.1
2024-04-16T00:00:00.000Z,90.02
2024-04-17T00:00:00.000Z,87.29
2024-04-18T00:00:00.000Z,87.11
2024-04-19T00:00:00.000Z,87.29
2024-04-20T00:00:00.000Z,87.29
2024-04-21T00:00:00.000Z,87.29
2024-04-22T00:00:00.000Z,87
2024-04-23T00:00:00.000Z,88.42
2024-04-24T00:00:00.000Z,88.02
2024-04-25T00:00:00.000Z,89.01
2024-04-26T00:00:00.000Z,89.5
2024-04-27T00:00:00.000Z,89.5
2024-04-28T00:00:00.000Z,89.5
2024-04-29T00:00:00.000Z,88.4
2024-04-30T00:00:00.000Z,87.86
2024-05-01T00:00:00.000Z,87.89
2024-05-02T00:00:00.000Z,83.67
2024-05-03T00:00:00.000Z,82.96
2024-05-04T00:00:00.000Z,82.96
2024-05-05T00:00:00.000Z,82.96
2024-05-06T00:00:00.000Z,83.33
2024-05-07T00:00:00.000Z,83.16
2024-05-08T00:00:00.000Z,83.58
2024-05-09T00:00:00.000Z,83.88
2024-05-10T00:00:00.000Z,82.79
2024-05-11T00:00:00.000Z,82.79
2024-05-12T00:00:00.000Z,82.79
2024-05-13T00:00:00.000Z,83.36
2024-05-14T00:00:00.000Z,82.38
2024-05-15T00:00:00.000Z,82.75
2024-05-16T00:00:00.000Z,83.27
2024-05-17T00:00:00.000Z,83.98
2024-05-18T00:00:00.000Z,83.98
2024-05-19T00:00:00.000Z,83.98
2024-05-20T00:00:00.000Z,83.71
2024-05-21T00:00:00.000Z,82.88
2024-05-22T00:00:00.000Z,81.9
2024-05-23T00:00:00.000Z,81.36
2024-05-24T00:00:00.000Z,82.12
2024-05-25T00:00:00.000Z,82.12
2024-05-26T00:00:00.000Z,82.12
2024-05-27T00:00:00.000Z,82.12
2024-05-28T00:00:00.000Z,82.12
2024-05-29T00:00:00.000Z,83.6
2024-05-30T00:00:00.000Z,81.86
2024-05-31T00:00:00.000Z,81.62
2024-06-01T00:00:00.000Z,81.62
2024-06-02T00:00:00.000Z,81.62
2024-06-03T00:00:00.000Z,78.36
2024-06-04T00:00:00.000Z,77.52
2024-06-05T00:00:00.000Z,78.41
2024-06-06T00:00:00.000Z,78.41
2024-06-07T00:00:00.000Z,79.62
2024-06-08T00:00:00.000Z,79.62
2024-06-09T00:00:00.000Z,79.62
2024-06-10T00:00:00.000Z,81.63
2024-06-11T00:00:00.000Z,81.92
2024-06-12T00:00:00.000Z,82.6
2024-06-13T00:00:00.000Z,82.75
2024-06-14T00:00:00.000Z,82.62
2024-06-15T00:00:00.000Z,82.62
2024-06-16T00:00:00.000Z,82.62
2024-06-17T00:00:00.000Z,84.25
2024-06-18T00:00:00.000Z,85.33
2024-06-19T00:00:00.000Z,85.33
2024-06-20T00:00:00.000Z,85.71
2024-06-21T00:00:00.000Z,85.24
