date,cr_low
2015-01-02T00:00:00.000Z,55.48
2015-01-05T00:00:00.000Z,52.66
2015-01-06T00:00:00.000Z,50.52
2015-01-07T00:00:00.000Z,49.66
2015-01-08T00:00:00.000Z,49.81
2015-01-09T00:00:00.000Z,48.9
2015-01-12T00:00:00.000Z,47.16
2015-01-13T00:00:00.000Z,45.19
2015-01-14T00:00:00.000Z,45.59
2015-01-15T00:00:00.000Z,47
2015-01-16T00:00:00.000Z,48.07
2015-01-19T00:00:00.000Z,48.68
2015-01-20T00:00:00.000Z,47.78
2015-01-21T00:00:00.000Z,48.21
2015-01-22T00:00:00.000Z,48.02
2015-01-23T00:00:00.000Z,48.55
2015-01-26T00:00:00.000Z,47.57
2015-01-27T00:00:00.000Z,47.67
2015-01-28T00:00:00.000Z,48.29
2015-01-29T00:00:00.000Z,48.37
2015-01-30T00:00:00.000Z,48.76
2015-02-02T00:00:00.000Z,51.41
2015-02-03T00:00:00.000Z,54.84
2015-02-04T00:00:00.000Z,53.5
2015-02-05T00:00:00.000Z,53.07
2015-02-06T00:00:00.000Z,56.71
2015-02-09T00:00:00.000Z,57.3
2015-02-10T00:00:00.000Z,56.11
2015-02-11T00:00:00.000Z,53.91
2015-02-12T00:00:00.000Z,54.72
2015-02-13T00:00:00.000Z,59.08
2015-02-16T00:00:00.000Z,60.71
2015-02-17T00:00:00.000Z,60.27
2015-02-18T00:00:00.000Z,59.25
2015-02-19T00:00:00.000Z,57.8
2015-02-20T00:00:00.000Z,59.82
2015-02-23T00:00:00.000Z,58.37
2015-02-24T00:00:00.000Z,58.1
2015-02-25T00:00:00.000Z,58.41
2015-02-26T00:00:00.000Z,59.66
2015-02-27T00:00:00.000Z,60.51
2015-03-02T00:00:00.000Z,59.34
2015-03-03T00:00:00.000Z,59.84
2015-03-04T00:00:00.000Z,59.47
2015-03-05T00:00:00.000Z,60.08
2015-03-06T00:00:00.000Z,59.17
2015-03-09T00:00:00.000Z,58.38
2015-03-10T00:00:00.000Z,56.12
2015-03-11T00:00:00.000Z,55.92
2015-03-12T00:00:00.000Z,56.51
2015-03-13T00:00:00.000Z,54.43
2015-03-16T00:00:00.000Z,52.5
2015-03-17T00:00:00.000Z,52.57
2015-03-18T00:00:00.000Z,52.68
2015-03-19T00:00:00.000Z,53.91
2015-03-20T00:00:00.000Z,53.55
2015-03-23T00:00:00.000Z,54.12
2015-03-24T00:00:00.000Z,54.85
2015-03-25T00:00:00.000Z,54.7
2015-03-26T00:00:00.000Z,56.3
2015-03-27T00:00:00.000Z,55.95
2015-03-30T00:00:00.000Z,55.2
2015-03-31T00:00:00.000Z,54.72
2015-04-01T00:00:00.000Z,54.7
2015-04-02T00:00:00.000Z,54
2015-04-06T00:00:00.000Z,55.08
2015-04-07T00:00:00.000Z,57.02
2015-04-08T00:00:00.000Z,55.45
2015-04-09T00:00:00.000Z,55.97
2015-04-10T00:00:00.000Z,56.25
2015-04-13T00:00:00.000Z,57.46
2015-04-14T00:00:00.000Z,57.76
2015-04-15T00:00:00.000Z,58.74
2015-04-16T00:00:00.000Z,62
2015-04-17T00:00:00.000Z,62.95
2015-04-20T00:00:00.000Z,62.1
2015-04-21T00:00:00.000Z,61.65
2015-04-22T00:00:00.000Z,61.39
2015-04-23T00:00:00.000Z,62.22
2015-04-24T00:00:00.000Z,64.48
2015-04-27T00:00:00.000Z,64.4
2015-04-28T00:00:00.000Z,63.9
2015-04-29T00:00:00.000Z,64.13
2015-04-30T00:00:00.000Z,65.37
2015-05-01T00:00:00.000Z,65.52
2015-05-04T00:00:00.000Z,65.95
2015-05-05T00:00:00.000Z,66.14
2015-05-06T00:00:00.000Z,67.35
2015-05-07T00:00:00.000Z,65.17
2015-05-08T00:00:00.000Z,64.23
2015-05-11T00:00:00.000Z,64.25
2015-05-12T00:00:00.000Z,64.68
2015-05-13T00:00:00.000Z,66.41
2015-05-14T00:00:00.000Z,66.25
2015-05-15T00:00:00.000Z,65.37
2015-05-18T00:00:00.000Z,65.92
2015-05-19T00:00:00.000Z,63.95
2015-05-20T00:00:00.000Z,64.1
2015-05-21T00:00:00.000Z,64.83
2015-05-22T00:00:00.000Z,65.1
2015-05-25T00:00:00.000Z,64.72
2015-05-26T00:00:00.000Z,63.29
2015-05-27T00:00:00.000Z,61.96
2015-05-28T00:00:00.000Z,61.24
2015-05-29T00:00:00.000Z,62.68
2015-06-01T00:00:00.000Z,64.25
2015-06-02T00:00:00.000Z,64.58
2015-06-03T00:00:00.000Z,63.5
2015-06-04T00:00:00.000Z,61.78
2015-06-05T00:00:00.000Z,60.94
2015-06-08T00:00:00.000Z,62.47
2015-06-09T00:00:00.000Z,62.72
2015-06-10T00:00:00.000Z,64.88
2015-06-11T00:00:00.000Z,64.5
2015-06-12T00:00:00.000Z,63.68
2015-06-15T00:00:00.000Z,62.24
2015-06-16T00:00:00.000Z,63.42
2015-06-17T00:00:00.000Z,62.6
2015-06-18T00:00:00.000Z,63.44
2015-06-19T00:00:00.000Z,62.34
2015-06-22T00:00:00.000Z,62.1
2015-06-23T00:00:00.000Z,62.76
2015-06-24T00:00:00.000Z,63.01
2015-06-25T00:00:00.000Z,62.72
2015-06-26T00:00:00.000Z,62.5
2015-06-29T00:00:00.000Z,61.35
2015-06-30T00:00:00.000Z,61.71
2015-07-01T00:00:00.000Z,61.84
2015-07-02T00:00:00.000Z,61.75
2015-07-03T00:00:00.000Z,60.12
2015-07-06T00:00:00.000Z,56.38
2015-07-07T00:00:00.000Z,55.1
2015-07-08T00:00:00.000Z,55.87
2015-07-09T00:00:00.000Z,57.01
2015-07-10T00:00:00.000Z,57.86
2015-07-13T00:00:00.000Z,56.84
2015-07-14T00:00:00.000Z,56.43
2015-07-15T00:00:00.000Z,56.86
2015-07-16T00:00:00.000Z,56.95
2015-07-17T00:00:00.000Z,56.4
2015-07-20T00:00:00.000Z,56.33
2015-07-21T00:00:00.000Z,56.33
2015-07-22T00:00:00.000Z,55.92
2015-07-23T00:00:00.000Z,55.1
2015-07-24T00:00:00.000Z,54.3
2015-07-27T00:00:00.000Z,52.83
2015-07-28T00:00:00.000Z,52.28
2015-07-29T00:00:00.000Z,52.51
2015-07-30T00:00:00.000Z,53.02
2015-07-31T00:00:00.000Z,51.63
2015-08-03T00:00:00.000Z,49.36
2015-08-04T00:00:00.000Z,49.58
2015-08-05T00:00:00.000Z,49.02
2015-08-06T00:00:00.000Z,48.88
2015-08-07T00:00:00.000Z,48.42
2015-08-10T00:00:00.000Z,48.24
2015-08-11T00:00:00.000Z,48.61
2015-08-12T00:00:00.000Z,48.72
2015-08-13T00:00:00.000Z,48.85
2015-08-14T00:00:00.000Z,48.8
2015-08-17T00:00:00.000Z,48.35
2015-08-18T00:00:00.000Z,48.25
2015-08-19T00:00:00.000Z,46.78
2015-08-20T00:00:00.000Z,46.03
2015-08-21T00:00:00.000Z,45.07
2015-08-24T00:00:00.000Z,42.23
2015-08-25T00:00:00.000Z,42.68
2015-08-26T00:00:00.000Z,42.81
2015-08-27T00:00:00.000Z,43.7
2015-08-28T00:00:00.000Z,46.61
2015-08-31T00:00:00.000Z,48.25
2015-09-01T00:00:00.000Z,48.47
2015-09-02T00:00:00.000Z,47.74
2015-09-03T00:00:00.000Z,49.82
2015-09-04T00:00:00.000Z,49.25
2015-09-07T00:00:00.000Z,47.5
2015-09-08T00:00:00.000Z,47.64
2015-09-09T00:00:00.000Z,47.32
2015-09-10T00:00:00.000Z,46.76
2015-09-11T00:00:00.000Z,47.16
2015-09-14T00:00:00.000Z,46.26
2015-09-15T00:00:00.000Z,45.98
2015-09-16T00:00:00.000Z,47.71
2015-09-17T00:00:00.000Z,48.32
2015-09-18T00:00:00.000Z,47.16
2015-09-21T00:00:00.000Z,47.48
2015-09-22T00:00:00.000Z,47.7
2015-09-23T00:00:00.000Z,47.68
2015-09-24T00:00:00.000Z,47.4
2015-09-25T00:00:00.000Z,47.86
2015-09-28T00:00:00.000Z,47.25
2015-09-29T00:00:00.000Z,47.25
2015-09-30T00:00:00.000Z,47.79
2015-10-01T00:00:00.000Z,47.62
2015-10-02T00:00:00.000Z,46.93
2015-10-05T00:00:00.000Z,47.84
2015-10-06T00:00:00.000Z,48.86
2015-10-07T00:00:00.000Z,51.21
2015-10-08T00:00:00.000Z,51.28
2015-10-09T00:00:00.000Z,52.21
2015-10-12T00:00:00.000Z,49.77
2015-10-13T00:00:00.000Z,48.88
2015-10-14T00:00:00.000Z,48.71
2015-10-15T00:00:00.000Z,48.21
2015-10-16T00:00:00.000Z,49.31
2015-10-19T00:00:00.000Z,48.57
2015-10-20T00:00:00.000Z,48.22
2015-10-21T00:00:00.000Z,47.5
2015-10-22T00:00:00.000Z,47.65
2015-10-23T00:00:00.000Z,47.45
2015-10-26T00:00:00.000Z,47.3
2015-10-27T00:00:00.000Z,46.41
2015-10-28T00:00:00.000Z,46.61
2015-10-29T00:00:00.000Z,48.17
2015-10-30T00:00:00.000Z,48.28
2015-11-02T00:00:00.000Z,48.61
2015-11-03T00:00:00.000Z,48.46
2015-11-04T00:00:00.000Z,48.49
2015-11-05T00:00:00.000Z,47.93
2015-11-06T00:00:00.000Z,47.27
2015-11-09T00:00:00.000Z,47.01
2015-11-10T00:00:00.000Z,46.96
2015-11-11T00:00:00.000Z,45.62
2015-11-12T00:00:00.000Z,43.89
2015-11-13T00:00:00.000Z,43.57
2015-11-16T00:00:00.000Z,43.15
2015-11-17T00:00:00.000Z,43.5
2015-11-18T00:00:00.000Z,43.34
2015-11-19T00:00:00.000Z,43.7
2015-11-20T00:00:00.000Z,44.06
2015-11-23T00:00:00.000Z,43.57
2015-11-24T00:00:00.000Z,44.92
2015-11-25T00:00:00.000Z,45.03
2015-11-26T00:00:00.000Z,45
2015-11-27T00:00:00.000Z,44.79
2015-11-30T00:00:00.000Z,44.44
2015-12-01T00:00:00.000Z,44.03
2015-12-02T00:00:00.000Z,42.43
2015-12-03T00:00:00.000Z,42.61
2015-12-04T00:00:00.000Z,42.67
2015-12-07T00:00:00.000Z,40.6
2015-12-08T00:00:00.000Z,39.81
2015-12-09T00:00:00.000Z,39.57
2015-12-10T00:00:00.000Z,39.46
2015-12-11T00:00:00.000Z,37.36
2015-12-14T00:00:00.000Z,36.33
2015-12-15T00:00:00.000Z,37.55
2015-12-16T00:00:00.000Z,37.11
2015-12-17T00:00:00.000Z,36.75
2015-12-18T00:00:00.000Z,36.41
2015-12-21T00:00:00.000Z,36.04
2015-12-22T00:00:00.000Z,35.98
2015-12-23T00:00:00.000Z,36.28
2015-12-24T00:00:00.000Z,36.91
2015-12-28T00:00:00.000Z,36.41
2015-12-29T00:00:00.000Z,36.56
2015-12-30T00:00:00.000Z,36.35
2015-12-31T00:00:00.000Z,36.1
2016-01-04T00:00:00.000Z,36.77
2016-01-05T00:00:00.000Z,36.24
2016-01-06T00:00:00.000Z,34.13
2016-01-07T00:00:00.000Z,32.16
2016-01-08T00:00:00.000Z,32.78
2016-01-11T00:00:00.000Z,31.17
2016-01-12T00:00:00.000Z,30.34
2016-01-13T00:00:00.000Z,29.96
2016-01-14T00:00:00.000Z,29.73
2016-01-15T00:00:00.000Z,28.82
2016-01-18T00:00:00.000Z,27.67
2016-01-19T00:00:00.000Z,28.6
2016-01-20T00:00:00.000Z,27.1
2016-01-21T00:00:00.000Z,27.29
2016-01-22T00:00:00.000Z,29.29
2016-01-25T00:00:00.000Z,30
2016-01-26T00:00:00.000Z,29.27
2016-01-27T00:00:00.000Z,30.83
2016-01-28T00:00:00.000Z,32.56
2016-01-29T00:00:00.000Z,33.59
2016-02-01T00:00:00.000Z,33.92
2016-02-02T00:00:00.000Z,32.23
2016-02-03T00:00:00.000Z,32.3
2016-02-04T00:00:00.000Z,34.15
2016-02-05T00:00:00.000Z,33.81
2016-02-08T00:00:00.000Z,32.77
2016-02-09T00:00:00.000Z,30.28
2016-02-10T00:00:00.000Z,30.35
2016-02-11T00:00:00.000Z,29.92
2016-02-12T00:00:00.000Z,30.85
2016-02-15T00:00:00.000Z,32.67
2016-02-16T00:00:00.000Z,31.92
2016-02-17T00:00:00.000Z,31.82
2016-02-18T00:00:00.000Z,33.79
2016-02-19T00:00:00.000Z,32.68
2016-02-22T00:00:00.000Z,32.85
2016-02-23T00:00:00.000Z,32.9
2016-02-24T00:00:00.000Z,32.37
2016-02-25T00:00:00.000Z,33.29
2016-02-26T00:00:00.000Z,34.73
2016-02-29T00:00:00.000Z,34.83
2016-03-01T00:00:00.000Z,35.95
2016-03-02T00:00:00.000Z,36.1
2016-03-03T00:00:00.000Z,36.35
2016-03-04T00:00:00.000Z,36.82
2016-03-07T00:00:00.000Z,38.87
2016-03-08T00:00:00.000Z,39.31
2016-03-09T00:00:00.000Z,39.39
2016-03-10T00:00:00.000Z,39.63
2016-03-11T00:00:00.000Z,40.02
2016-03-14T00:00:00.000Z,38.82
2016-03-15T00:00:00.000Z,38.32
2016-03-16T00:00:00.000Z,38.83
2016-03-17T00:00:00.000Z,40.41
2016-03-18T00:00:00.000Z,41.07
2016-03-21T00:00:00.000Z,40.48
2016-03-22T00:00:00.000Z,40.97
2016-03-23T00:00:00.000Z,40.42
2016-03-24T00:00:00.000Z,39.22
2016-03-28T00:00:00.000Z,39.64
2016-03-29T00:00:00.000Z,38.76
2016-03-30T00:00:00.000Z,39.09
2016-03-31T00:00:00.000Z,38.74
2016-04-01T00:00:00.000Z,38.55
2016-04-04T00:00:00.000Z,37.5
2016-04-05T00:00:00.000Z,37.27
2016-04-06T00:00:00.000Z,38.34
2016-04-07T00:00:00.000Z,38.7
2016-04-08T00:00:00.000Z,39.62
2016-04-11T00:00:00.000Z,41.41
2016-04-12T00:00:00.000Z,42.56
2016-04-13T00:00:00.000Z,43.76
2016-04-14T00:00:00.000Z,43.29
2016-04-15T00:00:00.000Z,42.28
2016-04-18T00:00:00.000Z,40.1
2016-04-19T00:00:00.000Z,42.6
2016-04-20T00:00:00.000Z,42.81
2016-04-21T00:00:00.000Z,44.44
2016-04-22T00:00:00.000Z,44.3
2016-04-25T00:00:00.000Z,44.26
2016-04-26T00:00:00.000Z,44.36
2016-04-27T00:00:00.000Z,45.63
2016-04-28T00:00:00.000Z,46.74
2016-04-29T00:00:00.000Z,47.41
2016-05-02T00:00:00.000Z,45.72
2016-05-03T00:00:00.000Z,44.62
2016-05-04T00:00:00.000Z,44.19
2016-05-05T00:00:00.000Z,44.65
2016-05-06T00:00:00.000Z,44.19
2016-05-09T00:00:00.000Z,43.43
2016-05-10T00:00:00.000Z,43.33
2016-05-11T00:00:00.000Z,44.8
2016-05-12T00:00:00.000Z,46.8
2016-05-13T00:00:00.000Z,47.26
2016-05-16T00:00:00.000Z,47.77
2016-05-17T00:00:00.000Z,48.57
2016-05-18T00:00:00.000Z,48.45
2016-05-19T00:00:00.000Z,47.38
2016-05-20T00:00:00.000Z,48.07
2016-05-23T00:00:00.000Z,47.58
2016-05-24T00:00:00.000Z,47.8
2016-05-25T00:00:00.000Z,48.91
2016-05-26T00:00:00.000Z,49.25
2016-05-27T00:00:00.000Z,48.69
2016-05-30T00:00:00.000Z,48.92
2016-05-31T00:00:00.000Z,49.23
2016-06-01T00:00:00.000Z,48.65
2016-06-02T00:00:00.000Z,48.84
2016-06-03T00:00:00.000Z,49.3
2016-06-06T00:00:00.000Z,49.72
2016-06-07T00:00:00.000Z,50.28
2016-06-08T00:00:00.000Z,51.32
2016-06-09T00:00:00.000Z,51.53
2016-06-10T00:00:00.000Z,50.33
2016-06-13T00:00:00.000Z,49.61
2016-06-14T00:00:00.000Z,49.2
2016-06-15T00:00:00.000Z,48.39
2016-06-16T00:00:00.000Z,46.94
2016-06-17T00:00:00.000Z,47.25
2016-06-20T00:00:00.000Z,49.24
2016-06-21T00:00:00.000Z,49.46
2016-06-22T00:00:00.000Z,49.18
2016-06-23T00:00:00.000Z,49.89
2016-06-24T00:00:00.000Z,47.54
2016-06-27T00:00:00.000Z,46.69
2016-06-28T00:00:00.000Z,47.47
2016-06-29T00:00:00.000Z,48.62
2016-06-30T00:00:00.000Z,49.47
2016-07-01T00:00:00.000Z,49.25
2016-07-04T00:00:00.000Z,50.03
2016-07-05T00:00:00.000Z,47.54
2016-07-06T00:00:00.000Z,47.17
2016-07-07T00:00:00.000Z,46.15
2016-07-08T00:00:00.000Z,46.15
2016-07-11T00:00:00.000Z,45.9
2016-07-12T00:00:00.000Z,46.09
2016-07-13T00:00:00.000Z,46.09
2016-07-14T00:00:00.000Z,46.34
2016-07-15T00:00:00.000Z,46.65
2016-07-18T00:00:00.000Z,46.5
2016-07-19T00:00:00.000Z,46.53
2016-07-20T00:00:00.000Z,45.9
2016-07-21T00:00:00.000Z,46.05
2016-07-22T00:00:00.000Z,45.17
2016-07-25T00:00:00.000Z,44.55
2016-07-26T00:00:00.000Z,44.14
2016-07-27T00:00:00.000Z,43.27
2016-07-28T00:00:00.000Z,42.56
2016-07-29T00:00:00.000Z,41.8
2016-08-01T00:00:00.000Z,41.87
2016-08-02T00:00:00.000Z,41.51
2016-08-03T00:00:00.000Z,41.56
2016-08-04T00:00:00.000Z,42.51
2016-08-05T00:00:00.000Z,43.51
2016-08-08T00:00:00.000Z,44.24
2016-08-09T00:00:00.000Z,44.76
2016-08-10T00:00:00.000Z,43.81
2016-08-11T00:00:00.000Z,43.46
2016-08-12T00:00:00.000Z,45.74
2016-08-15T00:00:00.000Z,46.84
2016-08-16T00:00:00.000Z,47.9
2016-08-17T00:00:00.000Z,48.55
2016-08-18T00:00:00.000Z,49.52
2016-08-19T00:00:00.000Z,50.32
2016-08-22T00:00:00.000Z,49.07
2016-08-23T00:00:00.000Z,48.48
2016-08-24T00:00:00.000Z,48.68
2016-08-25T00:00:00.000Z,48.7
2016-08-26T00:00:00.000Z,49.12
2016-08-29T00:00:00.000Z,48.97
2016-08-30T00:00:00.000Z,48.23
2016-08-31T00:00:00.000Z,46.96
2016-09-01T00:00:00.000Z,45.32
2016-09-02T00:00:00.000Z,45.41
2016-09-05T00:00:00.000Z,46.4
2016-09-06T00:00:00.000Z,46.29
2016-09-07T00:00:00.000Z,46.97
2016-09-08T00:00:00.000Z,48.21
2016-09-09T00:00:00.000Z,47.76
2016-09-12T00:00:00.000Z,46.9
2016-09-13T00:00:00.000Z,46.96
2016-09-14T00:00:00.000Z,45.7
2016-09-15T00:00:00.000Z,45.67
2016-09-16T00:00:00.000Z,45.48
2016-09-19T00:00:00.000Z,45.85
2016-09-20T00:00:00.000Z,45.09
2016-09-21T00:00:00.000Z,46.38
2016-09-22T00:00:00.000Z,46.99
2016-09-23T00:00:00.000Z,45.65
2016-09-26T00:00:00.000Z,45.74
2016-09-27T00:00:00.000Z,45.63
2016-09-28T00:00:00.000Z,45.7
2016-09-29T00:00:00.000Z,47.99
2016-09-30T00:00:00.000Z,48.21
2016-10-03T00:00:00.000Z,49.74
2016-10-04T00:00:00.000Z,50.34
2016-10-05T00:00:00.000Z,51.22
2016-10-06T00:00:00.000Z,51.32
2016-10-07T00:00:00.000Z,51.33
2016-10-10T00:00:00.000Z,51.3
2016-10-11T00:00:00.000Z,52.12
2016-10-12T00:00:00.000Z,51.61
2016-10-13T00:00:00.000Z,50.92
2016-10-14T00:00:00.000Z,51.5
2016-10-17T00:00:00.000Z,51.16
2016-10-18T00:00:00.000Z,51.25
2016-10-19T00:00:00.000Z,52.09
2016-10-20T00:00:00.000Z,51.17
2016-10-21T00:00:00.000Z,51.12
2016-10-24T00:00:00.000Z,50.5
2016-10-25T00:00:00.000Z,50.22
2016-10-26T00:00:00.000Z,49.65
2016-10-27T00:00:00.000Z,49.83
2016-10-28T00:00:00.000Z,49.31
2016-10-31T00:00:00.000Z,47.98
2016-11-01T00:00:00.000Z,47.72
2016-11-02T00:00:00.000Z,46.46
2016-11-03T00:00:00.000Z,45.99
2016-11-04T00:00:00.000Z,45.08
2016-11-07T00:00:00.000Z,45.38
2016-11-08T00:00:00.000Z,45.6
2016-11-09T00:00:00.000Z,44.4
2016-11-10T00:00:00.000Z,45.56
2016-11-11T00:00:00.000Z,44.19
2016-11-14T00:00:00.000Z,43.57
2016-11-15T00:00:00.000Z,44.67
2016-11-16T00:00:00.000Z,46.25
2016-11-17T00:00:00.000Z,45.97
2016-11-18T00:00:00.000Z,45.75
2016-11-21T00:00:00.000Z,46.92
2016-11-22T00:00:00.000Z,48.14
2016-11-23T00:00:00.000Z,48.56
2016-11-24T00:00:00.000Z,48.76
2016-11-25T00:00:00.000Z,46.85
2016-11-28T00:00:00.000Z,46.28
2016-11-29T00:00:00.000Z,45.92
2016-11-30T00:00:00.000Z,46.51
2016-12-01T00:00:00.000Z,51.51
2016-12-02T00:00:00.000Z,52.84
2016-12-05T00:00:00.000Z,53.77
2016-12-06T00:00:00.000Z,53.51
2016-12-07T00:00:00.000Z,52.92
2016-12-08T00:00:00.000Z,52.81
2016-12-09T00:00:00.000Z,53.77
2016-12-12T00:00:00.000Z,55.11
2016-12-13T00:00:00.000Z,55.13
2016-12-14T00:00:00.000Z,53.52
2016-12-15T00:00:00.000Z,53.15
2016-12-16T00:00:00.000Z,53.71
2016-12-19T00:00:00.000Z,54.69
2016-12-20T00:00:00.000Z,54.75
2016-12-21T00:00:00.000Z,54.32
2016-12-22T00:00:00.000Z,54.05
2016-12-23T00:00:00.000Z,54.26
2016-12-27T00:00:00.000Z,55.04
2016-12-28T00:00:00.000Z,55.89
2016-12-29T00:00:00.000Z,55.91
2016-12-30T00:00:00.000Z,56.46
2017-01-02T00:00:00.000Z,56.82
2017-01-03T00:00:00.000Z,55.3
2017-01-04T00:00:00.000Z,55.33
2017-01-05T00:00:00.000Z,56.01
2017-01-06T00:00:00.000Z,56.28
2017-01-09T00:00:00.000Z,54.74
2017-01-10T00:00:00.000Z,53.58
2017-01-11T00:00:00.000Z,53.7
2017-01-12T00:00:00.000Z,55.01
2017-01-13T00:00:00.000Z,55.28
2017-01-16T00:00:00.000Z,55.19
2017-01-17T00:00:00.000Z,55.4
2017-01-18T00:00:00.000Z,53.77
2017-01-19T00:00:00.000Z,53.9
2017-01-20T00:00:00.000Z,54.18
2017-01-23T00:00:00.000Z,54.65
2017-01-24T00:00:00.000Z,55.07
2017-01-25T00:00:00.000Z,54.75
2017-01-26T00:00:00.000Z,55.21
2017-01-27T00:00:00.000Z,54.86
2017-01-30T00:00:00.000Z,54.97
2017-01-31T00:00:00.000Z,54.9
2017-02-01T00:00:00.000Z,55.36
2017-02-02T00:00:00.000Z,56.33
2017-02-03T00:00:00.000Z,56.39
2017-02-06T00:00:00.000Z,55.65
2017-02-07T00:00:00.000Z,54.58
2017-02-08T00:00:00.000Z,54.44
2017-02-09T00:00:00.000Z,55.23
2017-02-10T00:00:00.000Z,55.59
2017-02-13T00:00:00.000Z,55.41
2017-02-14T00:00:00.000Z,55.53
2017-02-15T00:00:00.000Z,55.56
2017-02-16T00:00:00.000Z,55.13
2017-02-17T00:00:00.000Z,55.1
2017-02-20T00:00:00.000Z,55.7
2017-02-21T00:00:00.000Z,56.1
2017-02-22T00:00:00.000Z,55.64
2017-02-23T00:00:00.000Z,56.18
2017-02-24T00:00:00.000Z,55.74
2017-02-27T00:00:00.000Z,55.86
2017-02-28T00:00:00.000Z,55.23
2017-03-01T00:00:00.000Z,56.24
2017-03-02T00:00:00.000Z,55.03
2017-03-03T00:00:00.000Z,55.09
2017-03-06T00:00:00.000Z,55.32
2017-03-07T00:00:00.000Z,55.56
2017-03-08T00:00:00.000Z,52.93
2017-03-09T00:00:00.000Z,51.5
2017-03-10T00:00:00.000Z,51.14
2017-03-13T00:00:00.000Z,50.85
2017-03-14T00:00:00.000Z,50.25
2017-03-15T00:00:00.000Z,51.36
2017-03-16T00:00:00.000Z,51.5
2017-03-17T00:00:00.000Z,51.53
2017-03-20T00:00:00.000Z,51.01
2017-03-21T00:00:00.000Z,50.73
2017-03-22T00:00:00.000Z,49.71
2017-03-23T00:00:00.000Z,50.25
2017-03-24T00:00:00.000Z,50.4
2017-03-27T00:00:00.000Z,50.03
2017-03-28T00:00:00.000Z,50.77
2017-03-29T00:00:00.000Z,51.36
2017-03-30T00:00:00.000Z,52.03
2017-03-31T00:00:00.000Z,52.35
2017-04-03T00:00:00.000Z,53.03
2017-04-04T00:00:00.000Z,52.73
2017-04-05T00:00:00.000Z,53.97
2017-04-06T00:00:00.000Z,54.02
2017-04-07T00:00:00.000Z,54.57
2017-04-10T00:00:00.000Z,55.19
2017-04-11T00:00:00.000Z,55.45
2017-04-12T00:00:00.000Z,55.5
2017-04-13T00:00:00.000Z,55.56
2017-04-17T00:00:00.000Z,55.29
2017-04-18T00:00:00.000Z,54.61
2017-04-19T00:00:00.000Z,52.58
2017-04-20T00:00:00.000Z,52.68
2017-04-21T00:00:00.000Z,51.57
2017-04-24T00:00:00.000Z,51.42
2017-04-25T00:00:00.000Z,51.3
2017-04-26T00:00:00.000Z,51.38
2017-04-27T00:00:00.000Z,50.45
2017-04-28T00:00:00.000Z,51.31
2017-05-01T00:00:00.000Z,51.22
2017-05-02T00:00:00.000Z,50.14
2017-05-03T00:00:00.000Z,50.2
2017-05-04T00:00:00.000Z,48.16
2017-05-05T00:00:00.000Z,46.64
2017-05-08T00:00:00.000Z,48.48
2017-05-09T00:00:00.000Z,48.39
2017-05-10T00:00:00.000Z,48.81
2017-05-11T00:00:00.000Z,50.25
2017-05-12T00:00:00.000Z,50.33
2017-05-15T00:00:00.000Z,50.74
2017-05-16T00:00:00.000Z,51.1
2017-05-17T00:00:00.000Z,51.04
2017-05-18T00:00:00.000Z,51.11
2017-05-19T00:00:00.000Z,52.55
2017-05-22T00:00:00.000Z,53.66
2017-05-23T00:00:00.000Z,53.2
2017-05-24T00:00:00.000Z,53.66
2017-05-25T00:00:00.000Z,51.03
2017-05-26T00:00:00.000Z,50.71
2017-05-29T00:00:00.000Z,51.86
2017-05-30T00:00:00.000Z,51.19
2017-05-31T00:00:00.000Z,49.81
2017-06-01T00:00:00.000Z,50.23
2017-06-02T00:00:00.000Z,48.95
2017-06-05T00:00:00.000Z,49.04
2017-06-06T00:00:00.000Z,49
2017-06-07T00:00:00.000Z,47.96
2017-06-08T00:00:00.000Z,47.56
2017-06-09T00:00:00.000Z,47.4
2017-06-12T00:00:00.000Z,48.01
2017-06-13T00:00:00.000Z,47.87
2017-06-14T00:00:00.000Z,46.74
2017-06-15T00:00:00.000Z,46.7
2017-06-16T00:00:00.000Z,46.81
2017-06-19T00:00:00.000Z,46.77
2017-06-20T00:00:00.000Z,45.42
2017-06-21T00:00:00.000Z,44.35
2017-06-22T00:00:00.000Z,44.53
2017-06-23T00:00:00.000Z,45.03
2017-06-26T00:00:00.000Z,45.04
2017-06-27T00:00:00.000Z,45.79
2017-06-28T00:00:00.000Z,46.25
2017-06-29T00:00:00.000Z,47.14
2017-06-30T00:00:00.000Z,47.46
2017-07-03T00:00:00.000Z,48.54
2017-07-04T00:00:00.000Z,49.29
2017-07-05T00:00:00.000Z,47
2017-07-06T00:00:00.000Z,47.77
2017-07-07T00:00:00.000Z,46.28
2017-07-10T00:00:00.000Z,46.11
2017-07-11T00:00:00.000Z,46.29
2017-07-12T00:00:00.000Z,47.35
2017-07-13T00:00:00.000Z,47.18
2017-07-14T00:00:00.000Z,48.15
2017-07-17T00:00:00.000Z,48.31
2017-07-18T00:00:00.000Z,48.24
2017-07-19T00:00:00.000Z,48.58
2017-07-20T00:00:00.000Z,49.19
2017-07-21T00:00:00.000Z,47.81
2017-07-24T00:00:00.000Z,47.68
2017-07-25T00:00:00.000Z,48.63
2017-07-26T00:00:00.000Z,50.07
2017-07-27T00:00:00.000Z,50.5
2017-07-28T00:00:00.000Z,51.31
2017-07-31T00:00:00.000Z,52.2
2017-08-01T00:00:00.000Z,50.88
2017-08-02T00:00:00.000Z,51.18
2017-08-03T00:00:00.000Z,51.77
2017-08-04T00:00:00.000Z,51.43
2017-08-07T00:00:00.000Z,51.37
2017-08-08T00:00:00.000Z,51.82
2017-08-09T00:00:00.000Z,51.81
2017-08-10T00:00:00.000Z,51.67
2017-08-11T00:00:00.000Z,51.3
2017-08-14T00:00:00.000Z,50.55
2017-08-15T00:00:00.000Z,50.02
2017-08-16T00:00:00.000Z,50.15
2017-08-17T00:00:00.000Z,50
2017-08-18T00:00:00.000Z,50.78
2017-08-21T00:00:00.000Z,51.3
2017-08-22T00:00:00.000Z,51.39
2017-08-23T00:00:00.000Z,51.45
2017-08-24T00:00:00.000Z,51.61
2017-08-25T00:00:00.000Z,51.93
2017-08-28T00:00:00.000Z,51.52
2017-08-29T00:00:00.000Z,51.36
2017-08-30T00:00:00.000Z,50.58
2017-08-31T00:00:00.000Z,50.56
2017-09-01T00:00:00.000Z,52.24
2017-09-04T00:00:00.000Z,51.99
2017-09-05T00:00:00.000Z,52.09
2017-09-06T00:00:00.000Z,53.09
2017-09-07T00:00:00.000Z,53.89
2017-09-08T00:00:00.000Z,53.57
2017-09-11T00:00:00.000Z,53.04
2017-09-12T00:00:00.000Z,53.42
2017-09-13T00:00:00.000Z,54.03
2017-09-14T00:00:00.000Z,54.93
2017-09-15T00:00:00.000Z,54.86
2017-09-18T00:00:00.000Z,54.82
2017-09-19T00:00:00.000Z,54.89
2017-09-20T00:00:00.000Z,55.26
2017-09-21T00:00:00.000Z,55.76
2017-09-22T00:00:00.000Z,56.22
2017-09-25T00:00:00.000Z,56.7
2017-09-26T00:00:00.000Z,57.77
2017-09-27T00:00:00.000Z,57.57
2017-09-28T00:00:00.000Z,56.85
2017-09-29T00:00:00.000Z,57.14
2017-10-02T00:00:00.000Z,55.5
2017-10-03T00:00:00.000Z,55.7
2017-10-04T00:00:00.000Z,55.38
2017-10-05T00:00:00.000Z,55.7
2017-10-06T00:00:00.000Z,55.13
2017-10-09T00:00:00.000Z,55.06
2017-10-10T00:00:00.000Z,55.73
2017-10-11T00:00:00.000Z,56.51
2017-10-12T00:00:00.000Z,55.88
2017-10-13T00:00:00.000Z,56.34
2017-10-16T00:00:00.000Z,57.12
2017-10-17T00:00:00.000Z,57.18
2017-10-18T00:00:00.000Z,57.74
2017-10-19T00:00:00.000Z,57.02
2017-10-20T00:00:00.000Z,56.6
2017-10-23T00:00:00.000Z,57.27
2017-10-24T00:00:00.000Z,57.04
2017-10-25T00:00:00.000Z,57.85
2017-10-26T00:00:00.000Z,58.05
2017-10-27T00:00:00.000Z,58.82
2017-10-30T00:00:00.000Z,60.14
2017-10-31T00:00:00.000Z,60.53
2017-11-01T00:00:00.000Z,60
2017-11-02T00:00:00.000Z,60.02
2017-11-03T00:00:00.000Z,60.6
2017-11-06T00:00:00.000Z,62.08
2017-11-07T00:00:00.000Z,63.5
2017-11-08T00:00:00.000Z,62.95
2017-11-09T00:00:00.000Z,63.26
2017-11-10T00:00:00.000Z,63.35
2017-11-13T00:00:00.000Z,62.61
2017-11-14T00:00:00.000Z,61.21
2017-11-15T00:00:00.000Z,61.3
2017-11-16T00:00:00.000Z,61.25
2017-11-17T00:00:00.000Z,61.08
2017-11-20T00:00:00.000Z,61.44
2017-11-21T00:00:00.000Z,62.07
2017-11-22T00:00:00.000Z,62.62
2017-11-23T00:00:00.000Z,62.88
2017-11-24T00:00:00.000Z,63.28
2017-11-27T00:00:00.000Z,63.1
2017-11-28T00:00:00.000Z,63.1
2017-11-29T00:00:00.000Z,62.5
2017-11-30T00:00:00.000Z,63.21
2017-12-01T00:00:00.000Z,62.59
2017-12-04T00:00:00.000Z,62.31
2017-12-05T00:00:00.000Z,62.12
2017-12-06T00:00:00.000Z,61.13
2017-12-07T00:00:00.000Z,61.15
2017-12-08T00:00:00.000Z,62.01
2017-12-11T00:00:00.000Z,62.99
2017-12-12T00:00:00.000Z,63.07
2017-12-13T00:00:00.000Z,62.36
2017-12-14T00:00:00.000Z,62.01
2017-12-15T00:00:00.000Z,63.08
2017-12-18T00:00:00.000Z,63
2017-12-19T00:00:00.000Z,63.3
2017-12-20T00:00:00.000Z,63.67
2017-12-21T00:00:00.000Z,64.2
2017-12-22T00:00:00.000Z,64.38
2017-12-26T00:00:00.000Z,65
2017-12-27T00:00:00.000Z,66.03
2017-12-28T00:00:00.000Z,66.23
2017-12-29T00:00:00.000Z,66.15
2018-01-02T00:00:00.000Z,66.24
2018-01-03T00:00:00.000Z,66.4
2018-01-04T00:00:00.000Z,67.62
2018-01-05T00:00:00.000Z,67.26
2018-01-08T00:00:00.000Z,67.44
2018-01-09T00:00:00.000Z,67.7
2018-01-10T00:00:00.000Z,68.75
2018-01-11T00:00:00.000Z,69
2018-01-12T00:00:00.000Z,68.59
2018-01-15T00:00:00.000Z,69.55
2018-01-16T00:00:00.000Z,68.83
2018-01-17T00:00:00.000Z,68.55
2018-01-18T00:00:00.000Z,68.8
2018-01-19T00:00:00.000Z,68.28
2018-01-22T00:00:00.000Z,68.39
2018-01-23T00:00:00.000Z,69.12
2018-01-24T00:00:00.000Z,69.54
2018-01-25T00:00:00.000Z,69.97
2018-01-26T00:00:00.000Z,70.05
2018-01-29T00:00:00.000Z,69.07
2018-01-30T00:00:00.000Z,68.4
2018-01-31T00:00:00.000Z,68.33
2018-02-01T00:00:00.000Z,68.81
2018-02-02T00:00:00.000Z,67.96
2018-02-05T00:00:00.000Z,66.9
2018-02-06T00:00:00.000Z,66.53
2018-02-07T00:00:00.000Z,65.16
2018-02-08T00:00:00.000Z,64.1
2018-02-09T00:00:00.000Z,61.77
2018-02-12T00:00:00.000Z,62.5
2018-02-13T00:00:00.000Z,61.76
2018-02-14T00:00:00.000Z,61.95
2018-02-15T00:00:00.000Z,63.12
2018-02-16T00:00:00.000Z,64.19
2018-02-19T00:00:00.000Z,64.84
2018-02-20T00:00:00.000Z,64.78
2018-02-21T00:00:00.000Z,64.4
2018-02-22T00:00:00.000Z,64.62
2018-02-23T00:00:00.000Z,65.79
2018-02-26T00:00:00.000Z,66.72
2018-02-27T00:00:00.000Z,66.32
2018-02-28T00:00:00.000Z,65.43
2018-03-01T00:00:00.000Z,63.19
2018-03-02T00:00:00.000Z,63.2
2018-03-05T00:00:00.000Z,64.1
2018-03-06T00:00:00.000Z,65.3
2018-03-07T00:00:00.000Z,63.83
2018-03-08T00:00:00.000Z,63.43
2018-03-09T00:00:00.000Z,63.69
2018-03-12T00:00:00.000Z,64.18
2018-03-13T00:00:00.000Z,64.05
2018-03-14T00:00:00.000Z,64.06
2018-03-15T00:00:00.000Z,64.61
2018-03-16T00:00:00.000Z,64.88
2018-03-19T00:00:00.000Z,65.39
2018-03-20T00:00:00.000Z,66.15
2018-03-21T00:00:00.000Z,67.48
2018-03-22T00:00:00.000Z,68.58
2018-03-23T00:00:00.000Z,68.87
2018-03-26T00:00:00.000Z,69.67
2018-03-27T00:00:00.000Z,69.45
2018-03-28T00:00:00.000Z,68.78
2018-03-29T00:00:00.000Z,69.1
2018-04-02T00:00:00.000Z,67.49
2018-04-03T00:00:00.000Z,67.62
2018-04-04T00:00:00.000Z,66.69
2018-04-05T00:00:00.000Z,67.73
2018-04-06T00:00:00.000Z,66.86
2018-04-09T00:00:00.000Z,67
2018-04-10T00:00:00.000Z,68.46
2018-04-11T00:00:00.000Z,70.57
2018-04-12T00:00:00.000Z,71.1
2018-04-13T00:00:00.000Z,71.56
2018-04-16T00:00:00.000Z,71.11
2018-04-17T00:00:00.000Z,70.83
2018-04-18T00:00:00.000Z,71.66
2018-04-19T00:00:00.000Z,73.46
2018-04-20T00:00:00.000Z,72.83
2018-04-23T00:00:00.000Z,73.13
2018-04-24T00:00:00.000Z,73.68
2018-04-25T00:00:00.000Z,73.17
2018-04-26T00:00:00.000Z,74.11
2018-04-27T00:00:00.000Z,74.35
2018-04-30T00:00:00.000Z,73.47
2018-05-01T00:00:00.000Z,72.74
2018-05-02T00:00:00.000Z,72.38
2018-05-03T00:00:00.000Z,72.47
2018-05-04T00:00:00.000Z,73.24
2018-05-07T00:00:00.000Z,74.83
2018-05-08T00:00:00.000Z,73.1
2018-05-09T00:00:00.000Z,76.08
2018-05-10T00:00:00.000Z,76.51
2018-05-11T00:00:00.000Z,76.95
2018-05-14T00:00:00.000Z,76.55
2018-05-15T00:00:00.000Z,77.9
2018-05-16T00:00:00.000Z,77.61
2018-05-17T00:00:00.000Z,79.12
2018-05-18T00:00:00.000Z,78.33
2018-05-21T00:00:00.000Z,78.1
2018-05-22T00:00:00.000Z,79.16
2018-05-23T00:00:00.000Z,78.21
2018-05-24T00:00:00.000Z,78.57
2018-05-25T00:00:00.000Z,76.01
2018-05-28T00:00:00.000Z,74.49
2018-05-29T00:00:00.000Z,74.54
2018-05-30T00:00:00.000Z,74.81
2018-05-31T00:00:00.000Z,77.04
2018-06-01T00:00:00.000Z,76.35
2018-06-04T00:00:00.000Z,75.2
2018-06-05T00:00:00.000Z,73.81
2018-06-06T00:00:00.000Z,74.46
2018-06-07T00:00:00.000Z,75.44
2018-06-08T00:00:00.000Z,76.12
2018-06-11T00:00:00.000Z,75.52
2018-06-12T00:00:00.000Z,75.43
2018-06-13T00:00:00.000Z,75.26
2018-06-14T00:00:00.000Z,75.76
2018-06-15T00:00:00.000Z,73
2018-06-18T00:00:00.000Z,72.45
2018-06-19T00:00:00.000Z,74.45
2018-06-20T00:00:00.000Z,74.1
2018-06-21T00:00:00.000Z,72.93
2018-06-22T00:00:00.000Z,73.24
2018-06-25T00:00:00.000Z,73.74
2018-06-26T00:00:00.000Z,74.13
2018-06-27T00:00:00.000Z,76.28
2018-06-28T00:00:00.000Z,77.09
2018-06-29T00:00:00.000Z,77.45
2018-07-02T00:00:00.000Z,77.16
2018-07-03T00:00:00.000Z,76.67
2018-07-04T00:00:00.000Z,77.61
2018-07-05T00:00:00.000Z,77.3
2018-07-06T00:00:00.000Z,76.36
2018-07-09T00:00:00.000Z,77.04
2018-07-10T00:00:00.000Z,78.15
2018-07-11T00:00:00.000Z,73.04
2018-07-12T00:00:00.000Z,72.67
2018-07-13T00:00:00.000Z,73.22
2018-07-16T00:00:00.000Z,71.52
2018-07-17T00:00:00.000Z,71.35
2018-07-18T00:00:00.000Z,71.19
2018-07-19T00:00:00.000Z,71.83
2018-07-20T00:00:00.000Z,72.26
2018-07-23T00:00:00.000Z,72.52
2018-07-24T00:00:00.000Z,72.68
2018-07-25T00:00:00.000Z,73.07
2018-07-26T00:00:00.000Z,73.77
2018-07-27T00:00:00.000Z,73.83
2018-07-30T00:00:00.000Z,74.14
2018-07-31T00:00:00.000Z,74.14
2018-08-01T00:00:00.000Z,72.13
2018-08-02T00:00:00.000Z,71.84
2018-08-03T00:00:00.000Z,72.48
2018-08-06T00:00:00.000Z,73.08
2018-08-07T00:00:00.000Z,73.57
2018-08-08T00:00:00.000Z,71.65
2018-08-09T00:00:00.000Z,71.86
2018-08-10T00:00:00.000Z,71.4
2018-08-13T00:00:00.000Z,71.04
2018-08-14T00:00:00.000Z,72.16
2018-08-15T00:00:00.000Z,70.3
2018-08-16T00:00:00.000Z,70.4
2018-08-17T00:00:00.000Z,71.25
2018-08-20T00:00:00.000Z,71.42
2018-08-21T00:00:00.000Z,72.05
2018-08-22T00:00:00.000Z,72.7
2018-08-23T00:00:00.000Z,74.21
2018-08-24T00:00:00.000Z,74.68
2018-08-27T00:00:00.000Z,75.39
2018-08-28T00:00:00.000Z,75.73
2018-08-29T00:00:00.000Z,75.67
2018-08-30T00:00:00.000Z,77.18
2018-08-31T00:00:00.000Z,77
2018-09-03T00:00:00.000Z,77.3
2018-09-04T00:00:00.000Z,77.44
2018-09-05T00:00:00.000Z,76.91
2018-09-06T00:00:00.000Z,75.64
2018-09-07T00:00:00.000Z,75.88
2018-09-10T00:00:00.000Z,76.9
2018-09-11T00:00:00.000Z,77.36
2018-09-12T00:00:00.000Z,78.75
2018-09-13T00:00:00.000Z,77.87
2018-09-14T00:00:00.000Z,77.37
2018-09-17T00:00:00.000Z,77.73
2018-09-18T00:00:00.000Z,77.46
2018-09-19T00:00:00.000Z,78.51
2018-09-20T00:00:00.000Z,78.51
2018-09-21T00:00:00.000Z,78.23
2018-09-24T00:00:00.000Z,78.97
2018-09-25T00:00:00.000Z,81.17
2018-09-26T00:00:00.000Z,81.1
2018-09-27T00:00:00.000Z,81.32
2018-09-28T00:00:00.000Z,81.6
2018-10-01T00:00:00.000Z,82.55
2018-10-02T00:00:00.000Z,84.31
2018-10-03T00:00:00.000Z,84.01
2018-10-04T00:00:00.000Z,84.14
2018-10-05T00:00:00.000Z,83.92
2018-10-08T00:00:00.000Z,82.66
2018-10-09T00:00:00.000Z,83.73
2018-10-10T00:00:00.000Z,82.26
2018-10-11T00:00:00.000Z,79.8
2018-10-12T00:00:00.000Z,79.23
2018-10-15T00:00:00.000Z,79.85
2018-10-16T00:00:00.000Z,79.8
2018-10-17T00:00:00.000Z,79.17
2018-10-18T00:00:00.000Z,78.69
2018-10-19T00:00:00.000Z,79.22
2018-10-22T00:00:00.000Z,78.99
2018-10-23T00:00:00.000Z,75.88
2018-10-24T00:00:00.000Z,75.11
2018-10-25T00:00:00.000Z,75.35
2018-10-26T00:00:00.000Z,75.77
2018-10-29T00:00:00.000Z,76.55
2018-10-30T00:00:00.000Z,75.09
2018-10-31T00:00:00.000Z,75.42
2018-11-01T00:00:00.000Z,72.56
2018-11-02T00:00:00.000Z,72.16
2018-11-05T00:00:00.000Z,72.26
2018-11-06T00:00:00.000Z,71.18
2018-11-07T00:00:00.000Z,71.36
2018-11-08T00:00:00.000Z,70.56
2018-11-09T00:00:00.000Z,69.13
2018-11-12T00:00:00.000Z,68.87
2018-11-13T00:00:00.000Z,64.61
2018-11-14T00:00:00.000Z,65.02
2018-11-15T00:00:00.000Z,65.77
2018-11-16T00:00:00.000Z,66.06
2018-11-19T00:00:00.000Z,65.27
2018-11-20T00:00:00.000Z,61.71
2018-11-21T00:00:00.000Z,62.56
2018-11-22T00:00:00.000Z,62.27
2018-11-23T00:00:00.000Z,58.41
2018-11-26T00:00:00.000Z,58.6
2018-11-27T00:00:00.000Z,58.92
2018-11-28T00:00:00.000Z,58.55
2018-11-29T00:00:00.000Z,57.5
2018-11-30T00:00:00.000Z,58.25
2018-12-03T00:00:00.000Z,59.85
2018-12-04T00:00:00.000Z,61.24
2018-12-05T00:00:00.000Z,60.8
2018-12-06T00:00:00.000Z,58.36
2018-12-07T00:00:00.000Z,59.1
2018-12-10T00:00:00.000Z,59.61
2018-12-11T00:00:00.000Z,59.58
2018-12-12T00:00:00.000Z,59.98
2018-12-13T00:00:00.000Z,59.33
2018-12-14T00:00:00.000Z,59.92
2018-12-17T00:00:00.000Z,58.64
2018-12-18T00:00:00.000Z,55.89
2018-12-19T00:00:00.000Z,56.04
2018-12-20T00:00:00.000Z,54.28
2018-12-21T00:00:00.000Z,52.79
2018-12-24T00:00:00.000Z,50.36
2018-12-26T00:00:00.000Z,49.93
2018-12-27T00:00:00.000Z,51.94
2018-12-28T00:00:00.000Z,51.6
2018-12-31T00:00:00.000Z,52.66
2019-01-02T00:00:00.000Z,52.51
2019-01-03T00:00:00.000Z,53.93
2019-01-04T00:00:00.000Z,55.34
2019-01-07T00:00:00.000Z,57.26
2019-01-08T00:00:00.000Z,57.13
2019-01-09T00:00:00.000Z,59.05
2019-01-10T00:00:00.000Z,60.44
2019-01-11T00:00:00.000Z,60.08
2019-01-14T00:00:00.000Z,58.9
2019-01-15T00:00:00.000Z,59.11
2019-01-16T00:00:00.000Z,60.03
2019-01-17T00:00:00.000Z,60.04
2019-01-18T00:00:00.000Z,61.32
2019-01-21T00:00:00.000Z,62.25
2019-01-22T00:00:00.000Z,60.57
2019-01-23T00:00:00.000Z,60.21
2019-01-24T00:00:00.000Z,60.41
2019-01-25T00:00:00.000Z,60.7
2019-01-28T00:00:00.000Z,59.49
2019-01-29T00:00:00.000Z,59.75
2019-01-30T00:00:00.000Z,61.04
2019-01-31T00:00:00.000Z,61.57
2019-02-01T00:00:00.000Z,60.46
2019-02-04T00:00:00.000Z,61.28
2019-02-05T00:00:00.000Z,61.72
2019-02-06T00:00:00.000Z,61.05
2019-02-07T00:00:00.000Z,60.6
2019-02-08T00:00:00.000Z,61.04
2019-02-11T00:00:00.000Z,60.9
2019-02-12T00:00:00.000Z,61.59
2019-02-13T00:00:00.000Z,62.69
2019-02-14T00:00:00.000Z,63.25
2019-02-15T00:00:00.000Z,64.42
2019-02-18T00:00:00.000Z,65.9
2019-02-19T00:00:00.000Z,65.58
2019-02-20T00:00:00.000Z,65.63
2019-02-21T00:00:00.000Z,66.69
2019-02-22T00:00:00.000Z,66.87
2019-02-25T00:00:00.000Z,64.54
2019-02-26T00:00:00.000Z,64.32
2019-02-27T00:00:00.000Z,65.27
2019-02-28T00:00:00.000Z,65.67
2019-03-01T00:00:00.000Z,64.59
2019-03-04T00:00:00.000Z,64.93
2019-03-05T00:00:00.000Z,65.04
2019-03-06T00:00:00.000Z,65.22
2019-03-07T00:00:00.000Z,65.75
2019-03-08T00:00:00.000Z,64.02
2019-03-11T00:00:00.000Z,65.63
2019-03-12T00:00:00.000Z,66.34
2019-03-13T00:00:00.000Z,66.7
2019-03-14T00:00:00.000Z,67.03
2019-03-15T00:00:00.000Z,66.13
2019-03-18T00:00:00.000Z,66.69
2019-03-19T00:00:00.000Z,67.13
2019-03-20T00:00:00.000Z,67.19
2019-03-21T00:00:00.000Z,67.59
2019-03-22T00:00:00.000Z,66.2
2019-03-25T00:00:00.000Z,66.36
2019-03-26T00:00:00.000Z,67.24
2019-03-27T00:00:00.000Z,67.19
2019-03-28T00:00:00.000Z,66.54
2019-03-29T00:00:00.000Z,67.81
2019-04-01T00:00:00.000Z,67.58
2019-04-02T00:00:00.000Z,68.69
2019-04-03T00:00:00.000Z,68.8
2019-04-04T00:00:00.000Z,68.87
2019-04-05T00:00:00.000Z,68.92
2019-04-08T00:00:00.000Z,70.43
2019-04-09T00:00:00.000Z,70.3
2019-04-10T00:00:00.000Z,70.57
2019-04-11T00:00:00.000Z,70.57
2019-04-12T00:00:00.000Z,70.9
2019-04-15T00:00:00.000Z,70.78
2019-04-16T00:00:00.000Z,70.74
2019-04-17T00:00:00.000Z,71.45
2019-04-18T00:00:00.000Z,71.2
2019-04-22T00:00:00.000Z,71.86
2019-04-23T00:00:00.000Z,73.99
2019-04-24T00:00:00.000Z,74.02
2019-04-25T00:00:00.000Z,74
2019-04-26T00:00:00.000Z,71.3
2019-04-29T00:00:00.000Z,71.06
2019-04-30T00:00:00.000Z,71.73
2019-05-01T00:00:00.000Z,71.3
2019-05-02T00:00:00.000Z,69.68
2019-05-03T00:00:00.000Z,69.95
2019-05-06T00:00:00.000Z,68.79
2019-05-07T00:00:00.000Z,69.38
2019-05-08T00:00:00.000Z,69.33
2019-05-09T00:00:00.000Z,69.4
2019-05-10T00:00:00.000Z,70.18
2019-05-13T00:00:00.000Z,69.72
2019-05-14T00:00:00.000Z,69.93
2019-05-15T00:00:00.000Z,70.42
2019-05-16T00:00:00.000Z,71.82
2019-05-17T00:00:00.000Z,71.79
2019-05-20T00:00:00.000Z,71.6
2019-05-21T00:00:00.000Z,71.63
2019-05-22T00:00:00.000Z,70.42
2019-05-23T00:00:00.000Z,67.02
2019-05-24T00:00:00.000Z,67.33
2019-05-27T00:00:00.000Z,68.53
2019-05-28T00:00:00.000Z,69.58
2019-05-29T00:00:00.000Z,68.08
2019-05-30T00:00:00.000Z,66.31
2019-05-31T00:00:00.000Z,64.37
2019-06-03T00:00:00.000Z,60.55
2019-06-04T00:00:00.000Z,60.21
2019-06-05T00:00:00.000Z,59.45
2019-06-06T00:00:00.000Z,60.22
2019-06-07T00:00:00.000Z,61.77
2019-06-10T00:00:00.000Z,62.05
2019-06-11T00:00:00.000Z,62.01
2019-06-12T00:00:00.000Z,59.57
2019-06-13T00:00:00.000Z,59.78
2019-06-14T00:00:00.000Z,60.74
2019-06-17T00:00:00.000Z,60.74
2019-06-18T00:00:00.000Z,60.25
2019-06-19T00:00:00.000Z,61.4
2019-06-20T00:00:00.000Z,62.4
2019-06-21T00:00:00.000Z,64
2019-06-24T00:00:00.000Z,64.08
2019-06-25T00:00:00.000Z,64.17
2019-06-26T00:00:00.000Z,65.6
2019-06-27T00:00:00.000Z,65.63
2019-06-28T00:00:00.000Z,66.08
2019-07-01T00:00:00.000Z,64.22
2019-07-02T00:00:00.000Z,62.22
2019-07-03T00:00:00.000Z,62.09
2019-07-04T00:00:00.000Z,62.95
2019-07-05T00:00:00.000Z,62.91
2019-07-08T00:00:00.000Z,63.79
2019-07-09T00:00:00.000Z,63.76
2019-07-10T00:00:00.000Z,64.63
2019-07-11T00:00:00.000Z,66.43
2019-07-12T00:00:00.000Z,66.51
2019-07-15T00:00:00.000Z,66.11
2019-07-16T00:00:00.000Z,63.82
2019-07-17T00:00:00.000Z,63.22
2019-07-18T00:00:00.000Z,61.29
2019-07-19T00:00:00.000Z,61.83
2019-07-22T00:00:00.000Z,62.77
2019-07-23T00:00:00.000Z,62.66
2019-07-24T00:00:00.000Z,62.59
2019-07-25T00:00:00.000Z,63.01
2019-07-26T00:00:00.000Z,63.01
2019-07-29T00:00:00.000Z,62.92
2019-07-30T00:00:00.000Z,63.9
2019-07-31T00:00:00.000Z,64.95
2019-08-01T00:00:00.000Z,60.02
2019-08-02T00:00:00.000Z,60.98
2019-08-05T00:00:00.000Z,59.66
2019-08-06T00:00:00.000Z,58.55
2019-08-07T00:00:00.000Z,55.88
2019-08-08T00:00:00.000Z,56.77
2019-08-09T00:00:00.000Z,57.11
2019-08-12T00:00:00.000Z,57.88
2019-08-13T00:00:00.000Z,58
2019-08-14T00:00:00.000Z,58.21
2019-08-15T00:00:00.000Z,57.67
2019-08-16T00:00:00.000Z,58.28
2019-08-19T00:00:00.000Z,58.64
2019-08-20T00:00:00.000Z,58.95
2019-08-21T00:00:00.000Z,60.07
2019-08-22T00:00:00.000Z,59.47
2019-08-23T00:00:00.000Z,58.3
2019-08-26T00:00:00.000Z,58.24
2019-08-27T00:00:00.000Z,58.51
2019-08-28T00:00:00.000Z,59.8
2019-08-29T00:00:00.000Z,59.98
2019-08-30T00:00:00.000Z,60.25
2019-09-02T00:00:00.000Z,58.1
2019-09-03T00:00:00.000Z,57.23
2019-09-04T00:00:00.000Z,58.13
2019-09-05T00:00:00.000Z,60.25
2019-09-06T00:00:00.000Z,59.4
2019-09-09T00:00:00.000Z,61.57
2019-09-10T00:00:00.000Z,62.17
2019-09-11T00:00:00.000Z,60.52
2019-09-12T00:00:00.000Z,58.92
2019-09-13T00:00:00.000Z,59.6
2019-09-16T00:00:00.000Z,64.75
2019-09-17T00:00:00.000Z,63.55
2019-09-18T00:00:00.000Z,63.04
2019-09-19T00:00:00.000Z,63.46
2019-09-20T00:00:00.000Z,64.05
2019-09-23T00:00:00.000Z,63.53
2019-09-24T00:00:00.000Z,62.3
2019-09-25T00:00:00.000Z,61.23
2019-09-26T00:00:00.000Z,61.45
2019-09-27T00:00:00.000Z,60.76
2019-09-30T00:00:00.000Z,60.73
2019-10-01T00:00:00.000Z,58.41
2019-10-02T00:00:00.000Z,57.22
2019-10-03T00:00:00.000Z,56.15
2019-10-04T00:00:00.000Z,57.67
2019-10-07T00:00:00.000Z,58.02
2019-10-08T00:00:00.000Z,57.38
2019-10-09T00:00:00.000Z,57.91
2019-10-10T00:00:00.000Z,57.8
2019-10-11T00:00:00.000Z,59.21
2019-10-14T00:00:00.000Z,58.5
2019-10-15T00:00:00.000Z,58
2019-10-16T00:00:00.000Z,58.36
2019-10-17T00:00:00.000Z,58.69
2019-10-18T00:00:00.000Z,59.01
2019-10-21T00:00:00.000Z,58.26
2019-10-22T00:00:00.000Z,58.75
2019-10-23T00:00:00.000Z,58.85
2019-10-24T00:00:00.000Z,60.64
2019-10-25T00:00:00.000Z,60.93
2019-10-28T00:00:00.000Z,61.19
2019-10-29T00:00:00.000Z,60.66
2019-10-30T00:00:00.000Z,60.45
2019-10-31T00:00:00.000Z,60.07
2019-11-01T00:00:00.000Z,59.4
2019-11-04T00:00:00.000Z,61.28
2019-11-05T00:00:00.000Z,61.85
2019-11-06T00:00:00.000Z,61.59
2019-11-07T00:00:00.000Z,61.65
2019-11-08T00:00:00.000Z,60.66
2019-11-11T00:00:00.000Z,61.57
2019-11-12T00:00:00.000Z,61.82
2019-11-13T00:00:00.000Z,61.22
2019-11-14T00:00:00.000Z,62.15
2019-11-15T00:00:00.000Z,61.7
2019-11-18T00:00:00.000Z,61.94
2019-11-19T00:00:00.000Z,60.7
2019-11-20T00:00:00.000Z,60.3
2019-11-21T00:00:00.000Z,61.92
2019-11-22T00:00:00.000Z,62.98
2019-11-25T00:00:00.000Z,62.97
2019-11-26T00:00:00.000Z,63.44
2019-11-27T00:00:00.000Z,63.51
2019-11-28T00:00:00.000Z,63.19
2019-11-29T00:00:00.000Z,62.36
2019-12-02T00:00:00.000Z,60.72
2019-12-03T00:00:00.000Z,60.3
2019-12-04T00:00:00.000Z,61
2019-12-05T00:00:00.000Z,62.75
2019-12-06T00:00:00.000Z,62.83
2019-12-09T00:00:00.000Z,63.61
2019-12-10T00:00:00.000Z,63.78
2019-12-11T00:00:00.000Z,63.01
2019-12-12T00:00:00.000Z,63.87
2019-12-13T00:00:00.000Z,64.5
2019-12-16T00:00:00.000Z,64.88
2019-12-17T00:00:00.000Z,65.12
2019-12-18T00:00:00.000Z,65.56
2019-12-19T00:00:00.000Z,66.03
2019-12-20T00:00:00.000Z,65.7
2019-12-23T00:00:00.000Z,65.81
2019-12-24T00:00:00.000Z,66.36
2019-12-26T00:00:00.000Z,67.22
2019-12-27T00:00:00.000Z,67.57
2019-12-30T00:00:00.000Z,68.16
2019-12-31T00:00:00.000Z,65.63
2020-01-02T00:00:00.000Z,65.72
2020-01-03T00:00:00.000Z,66.22
2020-01-06T00:00:00.000Z,68.21
2020-01-07T00:00:00.000Z,67.65
2020-01-08T00:00:00.000Z,64.94
2020-01-09T00:00:00.000Z,64.56
2020-01-10T00:00:00.000Z,64.86
2020-01-13T00:00:00.000Z,63.92
2020-01-14T00:00:00.000Z,63.92
2020-01-15T00:00:00.000Z,63.55
2020-01-16T00:00:00.000Z,63.9
2020-01-17T00:00:00.000Z,64.48
2020-01-20T00:00:00.000Z,64.92
2020-01-21T00:00:00.000Z,64.06
2020-01-22T00:00:00.000Z,62.62
2020-01-23T00:00:00.000Z,61.25
2020-01-24T00:00:00.000Z,60.25
2020-01-27T00:00:00.000Z,58.5
2020-01-28T00:00:00.000Z,58.5
2021-03-19T00:00:00.000Z,62.08
2021-03-23T00:00:00.000Z,60.36
2021-03-24T00:00:00.000Z,60.4
2021-03-25T00:00:00.000Z,60.85
2021-03-28T00:00:00.000Z,61.59
2021-03-29T00:00:00.000Z,62.99
2021-03-30T00:00:00.000Z,63.49
2021-03-31T00:00:00.000Z,62.53
2021-04-01T00:00:00.000Z,62.37
2021-04-02T00:00:00.000Z,62.37
2021-04-05T00:00:00.000Z,61.24
2021-04-06T00:00:00.000Z,62.08
2021-04-07T00:00:00.000Z,61.6
2021-04-08T00:00:00.000Z,62.38
2021-04-09T00:00:00.000Z,62.57
2021-04-12T00:00:00.000Z,62.41
2021-04-13T00:00:00.000Z,63.2
2021-04-14T00:00:00.000Z,63.89
2021-04-15T00:00:00.000Z,65.96
2021-04-16T00:00:00.000Z,66.45
2021-04-19T00:00:00.000Z,66.19
2021-04-20T00:00:00.000Z,65.5
2021-04-21T00:00:00.000Z,64.96
2021-04-22T00:00:00.000Z,64.58
2021-04-23T00:00:00.000Z,65.17
2021-04-26T00:00:00.000Z,64.57
2021-04-27T00:00:00.000Z,65.68
2021-04-28T00:00:00.000Z,65.57
2021-04-29T00:00:00.000Z,66.53
2021-04-30T00:00:00.000Z,66.28
2021-05-03T00:00:00.000Z,66.08
2021-05-04T00:00:00.000Z,67.38
2021-05-05T00:00:00.000Z,68.34
2021-05-06T00:00:00.000Z,67.93
2021-05-07T00:00:00.000Z,67.38
2021-05-10T00:00:00.000Z,67.41
2021-05-11T00:00:00.000Z,67.13
2021-05-12T00:00:00.000Z,68.19
2021-05-13T00:00:00.000Z,66.47
2021-05-14T00:00:00.000Z,66.5
2021-05-17T00:00:00.000Z,68.2
2021-05-18T00:00:00.000Z,67.28
2021-05-19T00:00:00.000Z,65.29
2021-05-20T00:00:00.000Z,64.79
2021-05-21T00:00:00.000Z,64.56
2021-05-24T00:00:00.000Z,66.47
2021-05-25T00:00:00.000Z,67.84
2021-05-26T00:00:00.000Z,67.89
2021-05-27T00:00:00.000Z,67.96
2021-05-28T00:00:00.000Z,68.58
2021-05-31T00:00:00.000Z,68.77
2021-06-01T00:00:00.000Z,68.76
2021-06-02T00:00:00.000Z,70.37
2021-06-03T00:00:00.000Z,70.66
2021-06-04T00:00:00.000Z,70.76
2021-06-07T00:00:00.000Z,71.1
2021-06-08T00:00:00.000Z,70.72
2021-06-09T00:00:00.000Z,71.82
2021-06-10T00:00:00.000Z,70.95
2021-06-11T00:00:00.000Z,71.88
2021-06-14T00:00:00.000Z,72.49
2021-06-15T00:00:00.000Z,72.78
2021-06-16T00:00:00.000Z,73.89
2021-06-17T00:00:00.000Z,72
2021-06-18T00:00:00.000Z,72.18
2021-06-21T00:00:00.000Z,72.98
2021-06-22T00:00:00.000Z,74.33
2021-06-23T00:00:00.000Z,74.73
2021-06-24T00:00:00.000Z,74.52
2021-06-25T00:00:00.000Z,74.95
2021-06-28T00:00:00.000Z,74.52
2021-06-29T00:00:00.000Z,74.52
2021-06-30T00:00:00.000Z,73.94
2021-07-01T00:00:00.000Z,74.55
2021-07-02T00:00:00.000Z,75.23
2021-07-05T00:00:00.000Z,75.71
2021-07-06T00:00:00.000Z,74.12
2021-07-07T00:00:00.000Z,72.59
2021-07-08T00:00:00.000Z,72.1
2021-07-09T00:00:00.000Z,73.82
2021-07-12T00:00:00.000Z,74.24
2021-07-13T00:00:00.000Z,74.96
2021-07-14T00:00:00.000Z,73.76
2021-07-15T00:00:00.000Z,73.16
2021-07-16T00:00:00.000Z,72.34
2021-07-19T00:00:00.000Z,67.85
2021-07-20T00:00:00.000Z,67.42
2021-07-21T00:00:00.000Z,68.64
2021-07-22T00:00:00.000Z,71.75
2021-07-23T00:00:00.000Z,73.33
2021-07-26T00:00:00.000Z,72.75
2021-07-27T00:00:00.000Z,74.02
2021-07-28T00:00:00.000Z,73.51
2021-07-29T00:00:00.000Z,73.72
2021-07-30T00:00:00.000Z,74.4
2021-08-02T00:00:00.000Z,72.31
2021-08-03T00:00:00.000Z,71.04
2021-08-04T00:00:00.000Z,70.12
2021-08-05T00:00:00.000Z,69.75
2021-08-06T00:00:00.000Z,70.28
2021-08-09T00:00:00.000Z,67.61
2021-08-10T00:00:00.000Z,68.96
2021-08-11T00:00:00.000Z,69.07
2021-08-12T00:00:00.000Z,70.68
2021-08-13T00:00:00.000Z,70
2021-08-16T00:00:00.000Z,68.14
2021-08-17T00:00:00.000Z,68.82
2021-08-18T00:00:00.000Z,67.22
2021-08-19T00:00:00.000Z,65.56
2021-08-20T00:00:00.000Z,64.8
2021-08-23T00:00:00.000Z,64.83
2021-08-24T00:00:00.000Z,68.52
2021-08-25T00:00:00.000Z,70.51
2021-08-26T00:00:00.000Z,69.16
2021-08-27T00:00:00.000Z,69.89
2021-08-30T00:00:00.000Z,70.38
2021-08-31T00:00:00.000Z,70.65
2021-09-01T00:00:00.000Z,69.85
2021-09-02T00:00:00.000Z,70.34
2021-09-03T00:00:00.000Z,71.78
2021-09-07T00:00:00.000Z,70.49
2021-09-08T00:00:00.000Z,70.92
2021-09-09T00:00:00.000Z,70.2
2021-09-10T00:00:00.000Z,70.31
2021-09-13T00:00:00.000Z,72.04
2021-09-14T00:00:00.000Z,72.49
2021-09-15T00:00:00.000Z,73.14
2021-09-16T00:00:00.000Z,73.84
2021-09-17T00:00:00.000Z,73.93
2021-09-20T00:00:00.000Z,72.65
2021-09-21T00:00:00.000Z,72.5
2021-09-22T00:00:00.000Z,73.72
2021-09-23T00:00:00.000Z,74.81
2021-09-24T00:00:00.000Z,76.07
2021-09-27T00:00:00.000Z,77.42
2021-09-28T00:00:00.000Z,77.31
2021-09-29T00:00:00.000Z,76.77
2021-09-30T00:00:00.000Z,76.5
2021-10-01T00:00:00.000Z,77.57
2021-10-04T00:00:00.000Z,78.76
2021-10-05T00:00:00.000Z,81.2
2021-10-06T00:00:00.000Z,80.59
2021-10-07T00:00:00.000Z,79.08
2021-10-08T00:00:00.000Z,81.96
2021-10-11T00:00:00.000Z,82.56
2021-10-12T00:00:00.000Z,82.72
2021-10-13T00:00:00.000Z,82.21
2021-10-14T00:00:00.000Z,83.19
2021-10-15T00:00:00.000Z,84.17
2021-10-18T00:00:00.000Z,83.96
2021-10-19T00:00:00.000Z,83.71
2021-10-20T00:00:00.000Z,83.63
2021-10-21T00:00:00.000Z,83.36
2021-10-22T00:00:00.000Z,83.83
2021-10-25T00:00:00.000Z,85.44
2021-10-26T00:00:00.000Z,85.28
2021-10-27T00:00:00.000Z,84.05
2021-10-28T00:00:00.000Z,81.62
2021-10-29T00:00:00.000Z,82.56
2021-11-01T00:00:00.000Z,83.03
2021-11-02T00:00:00.000Z,83.76
2021-11-03T00:00:00.000Z,81.08
2021-11-04T00:00:00.000Z,80.19
2021-11-05T00:00:00.000Z,80.27
2021-11-08T00:00:00.000Z,82.5
2021-11-09T00:00:00.000Z,83.18
2021-11-10T00:00:00.000Z,82.09
2021-11-11T00:00:00.000Z,81.66
2021-11-12T00:00:00.000Z,81.26
2021-11-15T00:00:00.000Z,80.68
2021-11-16T00:00:00.000Z,81.55
2021-11-17T00:00:00.000Z,79.77
2021-11-18T00:00:00.000Z,79.27
2021-11-19T00:00:00.000Z,78.05
2021-11-22T00:00:00.000Z,77.54
2021-11-23T00:00:00.000Z,78.57
2021-11-24T00:00:00.000Z,81.64
2021-11-25T00:00:00.000Z,80
2021-11-26T00:00:00.000Z,71
2021-11-29T00:00:00.000Z,71.46
2021-11-30T00:00:00.000Z,67.49
2021-12-01T00:00:00.000Z,68.15
2021-12-02T00:00:00.000Z,65.77
2021-12-03T00:00:00.000Z,69.23
2021-12-06T00:00:00.000Z,70.29
2021-12-07T00:00:00.000Z,73.23
2021-12-08T00:00:00.000Z,74.4
2021-12-09T00:00:00.000Z,73.83
2021-12-10T00:00:00.000Z,73.8
2021-12-13T00:00:00.000Z,74.19
2021-12-14T00:00:00.000Z,72.57
2021-12-15T00:00:00.000Z,72.48
2021-12-16T00:00:00.000Z,74
2021-12-17T00:00:00.000Z,72.62
2021-12-20T00:00:00.000Z,69.26
2021-12-21T00:00:00.000Z,71.24
2021-12-22T00:00:00.000Z,73.59
2021-12-23T00:00:00.000Z,74.79
2021-12-27T00:00:00.000Z,75.76
2021-12-28T00:00:00.000Z,78.07
2021-12-29T00:00:00.000Z,78.09
2021-12-30T00:00:00.000Z,78.09
2021-12-31T00:00:00.000Z,77.14
2022-01-03T00:00:00.000Z,77.04
2022-01-04T00:00:00.000Z,78.6
2022-01-05T00:00:00.000Z,79.55
2022-01-06T00:00:00.000Z,79.63
2022-01-07T00:00:00.000Z,81.44
2022-01-10T00:00:00.000Z,80.49
2022-01-11T00:00:00.000Z,80.88
2022-01-12T00:00:00.000Z,83.51
2022-01-13T00:00:00.000Z,83.79
2022-01-14T00:00:00.000Z,84.03
2022-01-17T00:00:00.000Z,85.55
2022-01-18T00:00:00.000Z,85.55
2022-01-19T00:00:00.000Z,87.63
2022-01-20T00:00:00.000Z,87.03
2022-01-21T00:00:00.000Z,85.71
2022-01-24T00:00:00.000Z,85.02
2022-01-25T00:00:00.000Z,86.19
2022-01-26T00:00:00.000Z,87.8
2022-01-27T00:00:00.000Z,87.78
2022-01-28T00:00:00.000Z,88.16
2022-01-31T00:00:00.000Z,88.07
2022-02-01T00:00:00.000Z,87.72
2022-02-02T00:00:00.000Z,88.28
2022-02-03T00:00:00.000Z,88.01
2022-02-04T00:00:00.000Z,90.89
2022-02-07T00:00:00.000Z,92.15
2022-02-08T00:00:00.000Z,89.93
2022-02-09T00:00:00.000Z,90.06
2022-02-10T00:00:00.000Z,90.9
2022-02-11T00:00:00.000Z,90.52
2022-02-14T00:00:00.000Z,93.46
2022-02-15T00:00:00.000Z,92.06
2022-02-16T00:00:00.000Z,91.14
2022-02-17T00:00:00.000Z,91.82
2022-02-18T00:00:00.000Z,90.26
2022-02-22T00:00:00.000Z,92.56
2022-02-23T00:00:00.000Z,95.8
2022-02-24T00:00:00.000Z,91.45
2022-02-25T00:00:00.000Z,92.77
2022-02-28T00:00:00.000Z,96.9
2022-03-01T00:00:00.000Z,97.69
2022-03-02T00:00:00.000Z,106.49
2022-03-03T00:00:00.000Z,109.42
2022-03-04T00:00:00.000Z,109.61
2022-03-07T00:00:00.000Z,119.07
2022-03-08T00:00:00.000Z,116.94
2022-03-09T00:00:00.000Z,103.26
2022-03-10T00:00:00.000Z,108.95
2022-03-11T00:00:00.000Z,103.11
2022-03-14T00:00:00.000Z,100.66
2022-03-15T00:00:00.000Z,94.82
2022-03-16T00:00:00.000Z,94.72
2022-03-17T00:00:00.000Z,95.54
2022-03-18T00:00:00.000Z,102.95
2022-03-21T00:00:00.000Z,104.93
2022-03-22T00:00:00.000Z,109.33
2022-03-23T00:00:00.000Z,110.82
2022-03-24T00:00:00.000Z,113.42
2022-03-25T00:00:00.000Z,111.9
2022-03-28T00:00:00.000Z,106.05
2022-03-29T00:00:00.000Z,102.17
2022-03-30T00:00:00.000Z,108.05
2022-03-31T00:00:00.000Z,104.07
2022-04-01T00:00:00.000Z,102.37
2022-04-04T00:00:00.000Z,102.91
2022-04-05T00:00:00.000Z,104.56
2022-04-06T00:00:00.000Z,100.54
2022-04-07T00:00:00.000Z,98.45
2022-04-08T00:00:00.000Z,99.71
2022-04-11T00:00:00.000Z,97.62
2022-04-12T00:00:00.000Z,98.98
2022-04-13T00:00:00.000Z,104.07
2022-04-14T00:00:00.000Z,106.64
2022-04-18T00:00:00.000Z,110.72
2022-04-19T00:00:00.000Z,106.77
2022-04-20T00:00:00.000Z,104.67
2022-04-21T00:00:00.000Z,106.78
2022-04-22T00:00:00.000Z,101.06
2022-04-25T00:00:00.000Z,99.47
2022-04-26T00:00:00.000Z,101.12
2022-04-27T00:00:00.000Z,102.99
2022-04-28T00:00:00.000Z,102.91
2022-04-29T00:00:00.000Z,106.2
2022-05-02T00:00:00.000Z,103.13
2022-05-03T00:00:00.000Z,104.62
2022-05-04T00:00:00.000Z,105.5
2022-05-05T00:00:00.000Z,109.23
2022-05-06T00:00:00.000Z,109.88
2022-05-09T00:00:00.000Z,104.95
2022-05-10T00:00:00.000Z,101.7
2022-05-11T00:00:00.000Z,100.93
2022-05-12T00:00:00.000Z,104.69
2022-05-13T00:00:00.000Z,107.81
2022-05-16T00:00:00.000Z,109.04
2022-05-17T00:00:00.000Z,111.12
2022-05-18T00:00:00.000Z,108.35
2022-05-19T00:00:00.000Z,105.7
2022-05-20T00:00:00.000Z,110.54
2022-05-23T00:00:00.000Z,111.86
2022-05-24T00:00:00.000Z,111.72
2022-05-25T00:00:00.000Z,113.04
2022-05-26T00:00:00.000Z,110.9
2022-05-27T00:00:00.000Z,113.16
2022-05-31T00:00:00.000Z,115.17
2022-06-01T00:00:00.000Z,115.43
2022-06-02T00:00:00.000Z,112.48
2022-06-03T00:00:00.000Z,116.08
2022-06-06T00:00:00.000Z,118.76
2022-06-07T00:00:00.000Z,118.56
2022-06-08T00:00:00.000Z,120.46
2022-06-09T00:00:00.000Z,122.5
2022-06-10T00:00:00.000Z,119.84
2022-06-13T00:00:00.000Z,118.95
2022-06-14T00:00:00.000Z,118.92
2022-06-15T00:00:00.000Z,117.75
2022-06-16T00:00:00.000Z,115.58
2022-06-17T00:00:00.000Z,111.72
2022-06-21T00:00:00.000Z,111.52
2022-06-22T00:00:00.000Z,107.3
2022-06-23T00:00:00.000Z,108.05
2022-06-24T00:00:00.000Z,109.27
2022-06-27T00:00:00.000Z,107.13
2022-06-28T00:00:00.000Z,111.22
2022-06-29T00:00:00.000Z,111.73
2022-06-30T00:00:00.000Z,108.19
2022-07-01T00:00:00.000Z,108.01
2022-07-05T00:00:00.000Z,101.11
2022-07-06T00:00:00.000Z,98.51
2022-07-07T00:00:00.000Z,98.47
2022-07-08T00:00:00.000Z,103.75
2022-07-11T00:00:00.000Z,103.66
2022-07-12T00:00:00.000Z,98.91
2022-07-13T00:00:00.000Z,97.3
2022-07-14T00:00:00.000Z,94.5
2022-07-15T00:00:00.000Z,98.21
2022-07-18T00:00:00.000Z,99.48
2022-07-19T00:00:00.000Z,103.59
2022-07-20T00:00:00.000Z,105.09
2022-07-21T00:00:00.000Z,101.52
2022-07-22T00:00:00.000Z,101.91
2022-07-25T00:00:00.000Z,101.67
2022-07-26T00:00:00.000Z,103.98
2022-07-27T00:00:00.000Z,94.9
2022-07-28T00:00:00.000Z,97.01
2022-07-29T00:00:00.000Z,97.96
2022-08-01T00:00:00.000Z,95
2022-08-02T00:00:00.000Z,95.14
2022-08-03T00:00:00.000Z,94.01
2022-08-04T00:00:00.000Z,90.45
2022-08-05T00:00:00.000Z,89.86
2022-08-08T00:00:00.000Z,90.56
2022-08-09T00:00:00.000Z,92.27
2022-08-10T00:00:00.000Z,91.43
2022-08-11T00:00:00.000Z,94.67
2022-08-12T00:00:00.000Z,94.86
2022-08-15T00:00:00.000Z,90.93
2022-08-16T00:00:00.000Z,90.38
2022-08-17T00:00:00.000Z,90.34
2022-08-18T00:00:00.000Z,91.8
2022-08-19T00:00:00.000Z,92.7
2022-08-22T00:00:00.000Z,91.4
2022-08-23T00:00:00.000Z,95.14
2022-08-24T00:00:00.000Z,97.26
2022-08-25T00:00:00.000Z,97.05
2022-08-26T00:00:00.000Z,95.65
2022-08-29T00:00:00.000Z,96.61
2022-08-30T00:00:00.000Z,95.27
2022-08-31T00:00:00.000Z,93.28
2022-09-01T00:00:00.000Z,90.71
2022-09-02T00:00:00.000Z,90.86
2022-09-05T00:00:00.000Z,90.86
2022-09-06T00:00:00.000Z,91.38
2022-09-07T00:00:00.000Z,86.55
2022-09-08T00:00:00.000Z,86.37
2022-09-09T00:00:00.000Z,87.36
2022-09-12T00:00:00.000Z,90.25
2022-09-13T00:00:00.000Z,90.18
2022-09-14T00:00:00.000Z,91.08
2022-09-15T00:00:00.000Z,89.08
2022-09-16T00:00:00.000Z,89.01
2022-09-19T00:00:00.000Z,87.24
2022-09-20T00:00:00.000Z,88.54
2022-09-21T00:00:00.000Z,88.31
2022-09-22T00:00:00.000Z,88.28
2022-09-23T00:00:00.000Z,84.47
2022-09-26T00:00:00.000Z,82.43
2022-09-27T00:00:00.000Z,82.65
2022-09-28T00:00:00.000Z,82.95
2022-09-29T00:00:00.000Z,86.18
2022-09-30T00:00:00.000Z,84.99
2022-10-03T00:00:00.000Z,86.51
2022-10-04T00:00:00.000Z,88.69
2022-10-05T00:00:00.000Z,90.9
2022-10-06T00:00:00.000Z,92.73
2022-10-07T00:00:00.000Z,93.93
2022-10-08T00:00:00.000Z,93.93
2022-10-09T00:00:00.000Z,93.93
2022-10-10T00:00:00.000Z,95.62
2022-10-11T00:00:00.000Z,93.11
2022-10-12T00:00:00.000Z,91.58
2022-10-13T00:00:00.000Z,91.09
2022-10-14T00:00:00.000Z,91.27
2022-10-15T00:00:00.000Z,91.27
2022-10-16T00:00:00.000Z,91.27
2022-10-17T00:00:00.000Z,90.84
2022-10-18T00:00:00.000Z,88.77
2022-10-19T00:00:00.000Z,89.38
2022-10-20T00:00:00.000Z,91.92
2022-10-21T00:00:00.000Z,91.02
2022-10-22T00:00:00.000Z,91.02
2022-10-23T00:00:00.000Z,91.02
2022-10-24T00:00:00.000Z,91.21
2022-10-25T00:00:00.000Z,91.63
2022-10-26T00:00:00.000Z,92.04
2022-10-27T00:00:00.000Z,95.08
2022-10-28T00:00:00.000Z,94.98
2022-10-29T00:00:00.000Z,94.98
2022-10-30T00:00:00.000Z,94.98
2022-10-31T00:00:00.000Z,94.32
2022-11-01T00:00:00.000Z,94.8
2022-11-02T00:00:00.000Z,93.99
2022-11-03T00:00:00.000Z,94.16
2022-11-04T00:00:00.000Z,94.34
2022-11-05T00:00:00.000Z,94.34
2022-11-06T00:00:00.000Z,94.34
2022-11-07T00:00:00.000Z,96.7
2022-11-08T00:00:00.000Z,94.98
2022-11-09T00:00:00.000Z,92.3
2022-11-10T00:00:00.000Z,91.69
2022-11-11T00:00:00.000Z,93.27
2022-11-12T00:00:00.000Z,93.27
2022-11-13T00:00:00.000Z,93.27
2022-11-14T00:00:00.000Z,92.49
2022-11-15T00:00:00.000Z,91.53
2022-11-16T00:00:00.000Z,91.68
2022-11-17T00:00:00.000Z,89.54
2022-11-18T00:00:00.000Z,85.79
2022-11-19T00:00:00.000Z,85.79
2022-11-20T00:00:00.000Z,85.79
2022-11-21T00:00:00.000Z,82.32
2022-11-22T00:00:00.000Z,87.37
2022-11-23T00:00:00.000Z,84.12
2022-11-24T00:00:00.000Z,84.12
2022-11-25T00:00:00.000Z,83.56
2022-11-26T00:00:00.000Z,83.56
2022-11-27T00:00:00.000Z,83.56
2022-11-28T00:00:00.000Z,80.64
2022-11-29T00:00:00.000Z,82.85
2022-11-30T00:00:00.000Z,84.46
2022-12-01T00:00:00.000Z,86.25
2022-12-02T00:00:00.000Z,85.19
2022-12-03T00:00:00.000Z,85.19
2022-12-04T00:00:00.000Z,85.19
2022-12-05T00:00:00.000Z,82.54
2022-12-06T00:00:00.000Z,78.71
2022-12-07T00:00:00.000Z,76.94
2022-12-08T00:00:00.000Z,75.76
2022-12-09T00:00:00.000Z,75.76
2022-12-10T00:00:00.000Z,75.76
2022-12-11T00:00:00.000Z,75.76
2022-12-12T00:00:00.000Z,75.26
2022-12-13T00:00:00.000Z,78.04
2022-12-14T00:00:00.000Z,80.13
2022-12-15T00:00:00.000Z,80.83
2022-12-16T00:00:00.000Z,78.28
2022-12-17T00:00:00.000Z,78.28
2022-12-18T00:00:00.000Z,78.28
2022-12-19T00:00:00.000Z,78.63
2022-12-20T00:00:00.000Z,78.63
2022-12-21T00:00:00.000Z,79.6
2022-12-22T00:00:00.000Z,80.68
2022-12-23T00:00:00.000Z,81.87
2022-12-24T00:00:00.000Z,81.87
2022-12-25T00:00:00.000Z,81.87
2022-12-26T00:00:00.000Z,81.87
2022-12-27T00:00:00.000Z,81.87
2022-12-28T00:00:00.000Z,82.51
2022-12-29T00:00:00.000Z,81.84
2022-12-30T00:00:00.000Z,82.88
2022-12-31T00:00:00.000Z,82.88
2023-01-01T00:00:00.000Z,82.88
2023-01-02T00:00:00.000Z,82.88
2023-01-03T00:00:00.000Z,81.77
2023-01-04T00:00:00.000Z,77.72
2023-01-05T00:00:00.000Z,77.61
2023-01-06T00:00:00.000Z,78.05
2023-01-07T00:00:00.000Z,78.05
2023-01-08T00:00:00.000Z,78.05
2023-01-09T00:00:00.000Z,78.34
2023-01-10T00:00:00.000Z,78.81
2023-01-11T00:00:00.000Z,79.3
2023-01-12T00:00:00.000Z,82.38
2023-01-13T00:00:00.000Z,83.49
2023-01-14T00:00:00.000Z,83.49
2023-01-15T00:00:00.000Z,83.49
2023-01-16T00:00:00.000Z,83.49
2023-01-17T00:00:00.000Z,83.86
2023-01-18T00:00:00.000Z,84.4
2023-01-19T00:00:00.000Z,84.4
2023-01-20T00:00:00.000Z,85.58
2023-01-21T00:00:00.000Z,85.58
2023-01-22T00:00:00.000Z,85.58
2023-01-23T00:00:00.000Z,86.93
2023-01-24T00:00:00.000Z,85.81
2023-01-25T00:00:00.000Z,85.41
2023-01-26T00:00:00.000Z,85.79
2023-01-27T00:00:00.000Z,85.53
2023-01-28T00:00:00.000Z,85.53
2023-01-29T00:00:00.000Z,85.53
2023-01-30T00:00:00.000Z,84.26
2023-01-31T00:00:00.000Z,83.15
2023-02-01T00:00:00.000Z,82.37
2023-02-02T00:00:00.000Z,81.24
2023-02-03T00:00:00.000Z,79.62
2023-02-04T00:00:00.000Z,79.62
2023-02-05T00:00:00.000Z,79.62
2023-02-06T00:00:00.000Z,79.09
2023-02-07T00:00:00.000Z,81.18
2023-02-08T00:00:00.000Z,83.5
2023-02-09T00:00:00.000Z,83.06
2023-02-10T00:00:00.000Z,83.94
2023-02-11T00:00:00.000Z,83.94
2023-02-12T00:00:00.000Z,83.94
2023-02-13T00:00:00.000Z,85.09
2023-02-14T00:00:00.000Z,84.12
2023-02-15T00:00:00.000Z,83.9
2023-02-16T00:00:00.000Z,84.6
2023-02-17T00:00:00.000Z,81.79
2023-02-18T00:00:00.000Z,81.79
2023-02-19T00:00:00.000Z,81.79
2023-02-20T00:00:00.000Z,81.79
2023-02-21T00:00:00.000Z,82.54
2023-02-22T00:00:00.000Z,80.4
2023-02-23T00:00:00.000Z,80.34
2023-02-24T00:00:00.000Z,81.07
2023-02-25T00:00:00.000Z,81.07
2023-02-26T00:00:00.000Z,81.07
2023-02-27T00:00:00.000Z,81.4
2023-02-28T00:00:00.000Z,81.84
2023-03-01T00:00:00.000Z,82.61
2023-03-02T00:00:00.000Z,83.84
2023-03-03T00:00:00.000Z,82.36
2023-03-04T00:00:00.000Z,82.36
2023-03-05T00:00:00.000Z,82.36
2023-03-06T00:00:00.000Z,84.35
2023-03-07T00:00:00.000Z,82.65
2023-03-08T00:00:00.000Z,82.05
2023-03-09T00:00:00.000Z,81.41
2023-03-10T00:00:00.000Z,80.73
2023-03-11T00:00:00.000Z,80.73
2023-03-12T00:00:00.000Z,80.73
2023-03-13T00:00:00.000Z,78.34
2023-03-14T00:00:00.000Z,76.88
2023-03-15T00:00:00.000Z,71.63
2023-03-16T00:00:00.000Z,71.86
2023-03-17T00:00:00.000Z,71.35
2023-03-18T00:00:00.000Z,71.35
2023-03-19T00:00:00.000Z,71.35
2023-03-20T00:00:00.000Z,70.13
2023-03-21T00:00:00.000Z,72.81
2023-03-22T00:00:00.000Z,74.52
2023-03-23T00:00:00.000Z,75.12
2023-03-24T00:00:00.000Z,72.69
2023-03-25T00:00:00.000Z,72.69
2023-03-26T00:00:00.000Z,72.69
2023-03-27T00:00:00.000Z,74.8
2023-03-28T00:00:00.000Z,77.55
2023-03-29T00:00:00.000Z,77.95
2023-03-30T00:00:00.000Z,77.85
2023-03-31T00:00:00.000Z,79.07
2023-04-01T00:00:00.000Z,79.07
2023-04-02T00:00:00.000Z,79.07
2023-04-03T00:00:00.000Z,78.58
2023-04-04T00:00:00.000Z,78.58
2023-04-05T00:00:00.000Z,78.58
2023-04-06T00:00:00.000Z,78.58
2023-04-07T00:00:00.000Z,78.58
2023-04-08T00:00:00.000Z,78.58
2023-04-09T00:00:00.000Z,78.58
2023-04-10T00:00:00.000Z,78.58
2023-04-11T00:00:00.000Z,78.58
2023-04-12T00:00:00.000Z,78.58
2023-04-13T00:00:00.000Z,78.58
2023-04-14T00:00:00.000Z,85.54
2023-04-15T00:00:00.000Z,85.54
2023-04-16T00:00:00.000Z,85.54
2023-04-17T00:00:00.000Z,84.35
2023-04-18T00:00:00.000Z,83.82
2023-04-19T00:00:00.000Z,82.41
2023-04-20T00:00:00.000Z,80.77
2023-04-21T00:00:00.000Z,80.45
2023-04-22T00:00:00.000Z,80.45
2023-04-23T00:00:00.000Z,80.45
2023-04-24T00:00:00.000Z,80.49
2023-04-25T00:00:00.000Z,80.35
2023-04-26T00:00:00.000Z,77.48
2023-04-27T00:00:00.000Z,77.39
2023-04-28T00:00:00.000Z,77.97
2023-04-29T00:00:00.000Z,77.97
2023-04-30T00:00:00.000Z,77.97
2023-05-01T00:00:00.000Z,77.97
2023-05-02T00:00:00.000Z,75.09
2023-05-03T00:00:00.000Z,71.68
2023-05-04T00:00:00.000Z,68.2
2023-05-05T00:00:00.000Z,72.41
2023-05-06T00:00:00.000Z,72.41
2023-05-07T00:00:00.000Z,72.41
2023-05-08T00:00:00.000Z,74.96
2023-05-09T00:00:00.000Z,75.07
2023-05-10T00:00:00.000Z,75.68
2023-05-11T00:00:00.000Z,75.68
2023-05-12T00:00:00.000Z,75.68
2023-05-13T00:00:00.000Z,75.68
2023-05-14T00:00:00.000Z,75.68
2023-05-15T00:00:00.000Z,75.68
2023-05-16T00:00:00.000Z,75.68
2023-05-17T00:00:00.000Z,75.68
2023-05-18T00:00:00.000Z,75.68
2023-05-19T00:00:00.000Z,75.68
2023-05-20T00:00:00.000Z,75.68
2023-05-21T00:00:00.000Z,75.68
2023-05-22T00:00:00.000Z,74.55
2023-05-23T00:00:00.000Z,75.65
2023-05-24T00:00:00.000Z,77.04
2023-05-25T00:00:00.000Z,75.12
2023-05-26T00:00:00.000Z,75.72
2023-05-27T00:00:00.000Z,75.72
2023-05-28T00:00:00.000Z,75.72
2023-05-29T00:00:00.000Z,76.18
2023-05-30T00:00:00.000Z,73.16
2023-05-31T00:00:00.000Z,71.55
2023-06-01T00:00:00.000Z,72.68
2023-06-02T00:00:00.000Z,74.18
2023-06-03T00:00:00.000Z,74.18
2023-06-04T00:00:00.000Z,74.18
2023-06-05T00:00:00.000Z,76.3
2023-06-06T00:00:00.000Z,74.73
2023-06-07T00:00:00.000Z,74.73
2023-06-08T00:00:00.000Z,74.73
2023-06-09T00:00:00.000Z,74.73
2023-06-10T00:00:00.000Z,74.73
2023-06-11T00:00:00.000Z,74.73
2023-06-12T00:00:00.000Z,71.57
2023-06-13T00:00:00.000Z,71.95
2023-06-14T00:00:00.000Z,73.03
2023-06-15T00:00:00.000Z,72.91
2023-06-16T00:00:00.000Z,75.08
2023-06-17T00:00:00.000Z,75.08
2023-06-18T00:00:00.000Z,75.08
2023-06-19T00:00:00.000Z,75.08
2023-06-20T00:00:00.000Z,74.52
2023-06-21T00:00:00.000Z,75.38
2023-06-22T00:00:00.000Z,73.58
2023-06-23T00:00:00.000Z,72.1
2023-06-24T00:00:00.000Z,72.1
2023-06-25T00:00:00.000Z,72.1
2023-06-26T00:00:00.000Z,73.43
2023-06-27T00:00:00.000Z,72.09
2023-06-28T00:00:00.000Z,71.58
2023-06-29T00:00:00.000Z,73.41
2023-06-30T00:00:00.000Z,74.25
2023-07-01T00:00:00.000Z,74.25
2023-07-02T00:00:00.000Z,74.25
2023-07-03T00:00:00.000Z,74.57
2023-07-04T00:00:00.000Z,74.57
2023-07-05T00:00:00.000Z,74.78
2023-07-06T00:00:00.000Z,75.01
2023-07-07T00:00:00.000Z,76.02
2023-07-08T00:00:00.000Z,76.02
2023-07-09T00:00:00.000Z,76.02
2023-07-10T00:00:00.000Z,77.34
2023-07-11T00:00:00.000Z,77.64
2023-07-12T00:00:00.000Z,79.22
2023-07-13T00:00:00.000Z,79.87
2023-07-14T00:00:00.000Z,79.57
2023-07-15T00:00:00.000Z,79.57
2023-07-16T00:00:00.000Z,79.57
2023-07-17T00:00:00.000Z,78.26
2023-07-18T00:00:00.000Z,78.2
2023-07-19T00:00:00.000Z,79.18
2023-07-20T00:00:00.000Z,78.67
2023-07-21T00:00:00.000Z,79.66
2023-07-22T00:00:00.000Z,79.66
2023-07-23T00:00:00.000Z,79.66
2023-07-24T00:00:00.000Z,80.42
2023-07-25T00:00:00.000Z,82.24
2023-07-26T00:00:00.000Z,82.6
2023-07-27T00:00:00.000Z,82.99
2023-07-28T00:00:00.000Z,83.22
2023-07-29T00:00:00.000Z,83.22
2023-07-30T00:00:00.000Z,83.22
2023-07-31T00:00:00.000Z,84.52
2023-08-01T00:00:00.000Z,84.26
2023-08-02T00:00:00.000Z,82.75
2023-08-03T00:00:00.000Z,82.37
2023-08-04T00:00:00.000Z,85.11
2023-08-05T00:00:00.000Z,85.11
2023-08-06T00:00:00.000Z,85.11
2023-08-07T00:00:00.000Z,85.04
2023-08-08T00:00:00.000Z,83.32
2023-08-09T00:00:00.000Z,85.94
2023-08-10T00:00:00.000Z,86.15
2023-08-11T00:00:00.000Z,85.85
2023-08-12T00:00:00.000Z,85.85
2023-08-13T00:00:00.000Z,85.85
2023-08-14T00:00:00.000Z,85.5
2023-08-15T00:00:00.000Z,84.29
2023-08-16T00:00:00.000Z,83.12
2023-08-17T00:00:00.000Z,83.05
2023-08-18T00:00:00.000Z,83.32
2023-08-19T00:00:00.000Z,83.32
2023-08-20T00:00:00.000Z,83.32
2023-08-21T00:00:00.000Z,84.31
2023-08-22T00:00:00.000Z,83.84
2023-08-23T00:00:00.000Z,81.97
2023-08-24T00:00:00.000Z,81.97
2023-08-25T00:00:00.000Z,82.69
2023-08-26T00:00:00.000Z,82.69
2023-08-27T00:00:00.000Z,82.69
2023-08-28T00:00:00.000Z,84.11
2023-08-29T00:00:00.000Z,83.78
2023-08-30T00:00:00.000Z,85.13
2023-08-31T00:00:00.000Z,85.85
2023-09-01T00:00:00.000Z,86.72
2023-09-02T00:00:00.000Z,86.72
2023-09-03T00:00:00.000Z,86.72
2023-09-04T00:00:00.000Z,86.72
2023-09-05T00:00:00.000Z,89.93
2023-09-06T00:00:00.000Z,89.25
2023-09-07T00:00:00.000Z,89.47
2023-09-08T00:00:00.000Z,89.3
2023-09-09T00:00:00.000Z,89.3
2023-09-10T00:00:00.000Z,89.3
2023-09-11T00:00:00.000Z,90.12
2023-09-12T00:00:00.000Z,90.54
2023-09-13T00:00:00.000Z,91.63
2023-09-14T00:00:00.000Z,92.03
2023-09-15T00:00:00.000Z,92.67
2023-09-16T00:00:00.000Z,92.67
2023-09-17T00:00:00.000Z,92.67
2023-09-18T00:00:00.000Z,93.78
2023-09-19T00:00:00.000Z,94.17
2023-09-20T00:00:00.000Z,92.76
2023-09-21T00:00:00.000Z,92.2
2023-09-22T00:00:00.000Z,92.8
2023-09-23T00:00:00.000Z,92.8
2023-09-24T00:00:00.000Z,92.8
2023-09-25T00:00:00.000Z,92.54
2023-09-26T00:00:00.000Z,91.8
2023-09-27T00:00:00.000Z,94.15
2023-09-28T00:00:00.000Z,94.75
2023-09-29T00:00:00.000Z,94.96
2023-09-30T00:00:00.000Z,94.96
2023-10-01T00:00:00.000Z,94.96
2023-10-02T00:00:00.000Z,90.35
2023-10-03T00:00:00.000Z,89.52
2023-10-04T00:00:00.000Z,85.73
2023-10-05T00:00:00.000Z,83.84
2023-10-06T00:00:00.000Z,83.45
2023-10-07T00:00:00.000Z,83.45
2023-10-08T00:00:00.000Z,83.45
2023-10-09T00:00:00.000Z,86.07
2023-10-10T00:00:00.000Z,86.92
2023-10-11T00:00:00.000Z,85.22
2023-10-12T00:00:00.000Z,85.18
2023-10-13T00:00:00.000Z,86.28
2023-10-14T00:00:00.000Z,86.28
2023-10-15T00:00:00.000Z,86.28
2023-10-16T00:00:00.000Z,89.49
2023-10-17T00:00:00.000Z,88.87
2023-10-18T00:00:00.000Z,90.6
2023-10-19T00:00:00.000Z,89.53
2023-10-20T00:00:00.000Z,91.68
2023-10-21T00:00:00.000Z,91.68
2023-10-22T00:00:00.000Z,91.68
2023-10-23T00:00:00.000Z,89.62
2023-10-24T00:00:00.000Z,87.35
2023-10-25T00:00:00.000Z,86.67
2023-10-26T00:00:00.000Z,87.55
2023-10-27T00:00:00.000Z,87.84
2023-10-28T00:00:00.000Z,87.84
2023-10-29T00:00:00.000Z,87.84
2023-10-30T00:00:00.000Z,87.22
2023-10-31T00:00:00.000Z,87.41
2023-11-01T00:00:00.000Z,84.56
2023-11-02T00:00:00.000Z,84.61
2023-11-03T00:00:00.000Z,84.55
2023-11-04T00:00:00.000Z,84.55
2023-11-05T00:00:00.000Z,84.55
2023-11-06T00:00:00.000Z,84.91
2023-11-07T00:00:00.000Z,81.42
2023-11-08T00:00:00.000Z,79.16
2023-11-09T00:00:00.000Z,79.44
2023-11-10T00:00:00.000Z,79.61
2023-11-11T00:00:00.000Z,79.61
2023-11-12T00:00:00.000Z,79.61
2023-11-13T00:00:00.000Z,80.41
2023-11-14T00:00:00.000Z,82.05
2023-11-15T00:00:00.000Z,80.8
2023-11-16T00:00:00.000Z,76.6
2023-11-17T00:00:00.000Z,77.28
2023-11-18T00:00:00.000Z,77.28
2023-11-19T00:00:00.000Z,77.28
2023-11-20T00:00:00.000Z,79.97
2023-11-21T00:00:00.000Z,81.41
2023-11-22T00:00:00.000Z,78.41
2023-11-23T00:00:00.000Z,80.18
2023-11-24T00:00:00.000Z,80.18
2023-11-25T00:00:00.000Z,80.18
2023-11-26T00:00:00.000Z,80.18
2023-11-27T00:00:00.000Z,79.13
2023-11-28T00:00:00.000Z,79.83
2023-11-29T00:00:00.000Z,80.96
2023-11-30T00:00:00.000Z,82.67
2023-12-01T00:00:00.000Z,82.67
2023-12-02T00:00:00.000Z,82.67
2023-12-03T00:00:00.000Z,82.67
2023-12-04T00:00:00.000Z,82.67
2023-12-05T00:00:00.000Z,76.98
2023-12-06T00:00:00.000Z,74.11
2023-12-07T00:00:00.000Z,73.61
2023-12-08T00:00:00.000Z,74.23
2023-12-09T00:00:00.000Z,74.23
2023-12-10T00:00:00.000Z,74.23
2023-12-11T00:00:00.000Z,75
2023-12-12T00:00:00.000Z,72.86
2023-12-13T00:00:00.000Z,72.3
2023-12-14T00:00:00.000Z,74.46
2023-12-15T00:00:00.000Z,75.33
2023-12-16T00:00:00.000Z,75.33
2023-12-17T00:00:00.000Z,75.33
2023-12-18T00:00:00.000Z,75.78
2023-12-19T00:00:00.000Z,77.43
2023-12-20T00:00:00.000Z,79.08
2023-12-21T00:00:00.000Z,77.85
2023-12-22T00:00:00.000Z,78.83
2023-12-23T00:00:00.000Z,78.83
2023-12-24T00:00:00.000Z,78.83
2023-12-25T00:00:00.000Z,78.83
2023-12-26T00:00:00.000Z,78.81
2023-12-27T00:00:00.000Z,79.49
2023-12-28T00:00:00.000Z,78.34
2023-12-29T00:00:00.000Z,76.75
2023-12-30T00:00:00.000Z,76.75
2023-12-31T00:00:00.000Z,76.75
2024-01-01T00:00:00.000Z,76.75
2024-01-02T00:00:00.000Z,75.6
2024-01-03T00:00:00.000Z,74.79
2024-01-04T00:00:00.000Z,76.5
2024-01-05T00:00:00.000Z,77.5
2024-01-06T00:00:00.000Z,77.5
2024-01-07T00:00:00.000Z,77.5
2024-01-08T00:00:00.000Z,75.26
2024-01-09T00:00:00.000Z,75.96
2024-01-10T00:00:00.000Z,76.38
2024-01-11T00:00:00.000Z,76.65
2024-01-12T00:00:00.000Z,77.93
2024-01-13T00:00:00.000Z,77.93
2024-01-14T00:00:00.000Z,77.93
2024-01-15T00:00:00.000Z,77.93
2024-01-16T00:00:00.000Z,76.83
2024-01-17T00:00:00.000Z,76.5
2024-01-18T00:00:00.000Z,77.34
2024-01-19T00:00:00.000Z,78.33
2024-01-20T00:00:00.000Z,78.33
2024-01-21T00:00:00.000Z,78.33
2024-01-22T00:00:00.000Z,77.82
2024-01-23T00:00:00.000Z,78.7
2024-01-24T00:00:00.000Z,79.05
2024-01-25T00:00:00.000Z,80.07
2024-01-26T00:00:00.000Z,81.32
2024-01-27T00:00:00.000Z,81.32
2024-01-28T00:00:00.000Z,81.32
2024-01-29T00:00:00.000Z,82.04
2024-01-30T00:00:00.000Z,81.34
2024-01-31T00:00:00.000Z,81.71
2024-02-01T00:00:00.000Z,81.74
2024-02-02T00:00:00.000Z,76.86
2024-02-03T00:00:00.000Z,76.86
2024-02-04T00:00:00.000Z,76.86
2024-02-05T00:00:00.000Z,76.62
2024-02-06T00:00:00.000Z,77.65
2024-02-07T00:00:00.000Z,78.49
2024-02-08T00:00:00.000Z,79.02
2024-02-09T00:00:00.000Z,81.21
2024-02-10T00:00:00.000Z,81.21
2024-02-11T00:00:00.000Z,81.21
2024-02-12T00:00:00.000Z,80.79
2024-02-13T00:00:00.000Z,81.96
2024-02-14T00:00:00.000Z,81.39
2024-02-15T00:00:00.000Z,80.72
2024-02-16T00:00:00.000Z,81.89
2024-02-17T00:00:00.000Z,81.89
2024-02-18T00:00:00.000Z,81.89
2024-02-19T00:00:00.000Z,81.89
2024-02-20T00:00:00.000Z,82.05
2024-02-21T00:00:00.000Z,81.67
2024-02-22T00:00:00.000Z,82.34
2024-02-23T00:00:00.000Z,81.44
2024-02-24T00:00:00.000Z,81.44
2024-02-25T00:00:00.000Z,81.44
2024-02-26T00:00:00.000Z,81.02
2024-02-27T00:00:00.000Z,82.1
2024-02-28T00:00:00.000Z,82.1
2024-02-29T00:00:00.000Z,83.04
2024-03-01T00:00:00.000Z,81.81
2024-03-02T00:00:00.000Z,81.81
2024-03-03T00:00:00.000Z,81.81
2024-03-04T00:00:00.000Z,82.58
2024-03-05T00:00:00.000Z,81.73
2024-03-06T00:00:00.000Z,81.89
2024-03-07T00:00:00.000Z,82.07
2024-03-08T00:00:00.000Z,81.71
2024-03-09T00:00:00.000Z,81.71
2024-03-10T00:00:00.000Z,81.71
2024-03-11T00:00:00.000Z,81.08
2024-03-12T00:00:00.000Z,81.69
2024-03-13T00:00:00.000Z,81.97
2024-03-14T00:00:00.000Z,83.94
2024-03-15T00:00:00.000Z,84.63
2024-03-16T00:00:00.000Z,84.63
2024-03-17T00:00:00.000Z,84.63
2024-03-18T00:00:00.000Z,85.26
2024-03-19T00:00:00.000Z,86.49
2024-03-20T00:00:00.000Z,85.58
2024-03-21T00:00:00.000Z,85.05
2024-03-22T00:00:00.000Z,85.11
2024-03-23T00:00:00.000Z,85.11
2024-03-24T00:00:00.000Z,85.11
2024-03-25T00:00:00.000Z,85.4
2024-03-26T00:00:00.000Z,85.81
2024-03-27T00:00:00.000Z,85.18
2024-03-28T00:00:00.000Z,86.32
2024-03-29T00:00:00.000Z,86.32
2024-03-30T00:00:00.000Z,86.32
2024-03-31T00:00:00.000Z,86.32
2024-04-01T00:00:00.000Z,86.4
2024-04-02T00:00:00.000Z,87.64
2024-04-03T00:00:00.000Z,88.68
2024-04-04T00:00:00.000Z,88.73
2024-04-05T00:00:00.000Z,90.57
2024-04-06T00:00:00.000Z,90.57
2024-04-07T00:00:00.000Z,90.57
2024-04-08T00:00:00.000Z,88.8
2024-04-09T00:00:00.000Z,89.27
2024-04-10T00:00:00.000Z,88.83
2024-04-11T00:00:00.000Z,89.37
2024-04-12T00:00:00.000Z,89.37
2024-04-13T00:00:00.000Z,89.37
2024-04-14T00:00:00.000Z,89.37
2024-04-15T00:00:00.000Z,88.73
2024-04-16T00:00:00.000Z,89.41
2024-04-17T00:00:00.000Z,87.14
2024-04-18T00:00:00.000Z,86.1
2024-04-19T00:00:00.000Z,86.16
2024-04-20T00:00:00.000Z,86.16
2024-04-21T00:00:00.000Z,86.16
2024-04-22T00:00:00.000Z,85.79
2024-04-23T00:00:00.000Z,86.04
2024-04-24T00:00:00.000Z,87.65
2024-04-25T00:00:00.000Z,87.29
2024-04-26T00:00:00.000Z,88.8
2024-04-27T00:00:00.000Z,88.8
2024-04-28T00:00:00.000Z,88.8
2024-04-29T00:00:00.000Z,88.1
2024-04-30T00:00:00.000Z,87.47
2024-05-01T00:00:00.000Z,87.89
2024-05-02T00:00:00.000Z,83.03
2024-05-03T00:00:00.000Z,82.8
2024-05-04T00:00:00.000Z,82.8
2024-05-05T00:00:00.000Z,82.8
2024-05-06T00:00:00.000Z,82.76
2024-05-07T00:00:00.000Z,82.4
2024-05-08T00:00:00.000Z,81.72
2024-05-09T00:00:00.000Z,83.46
2024-05-10T00:00:00.000Z,82.7
2024-05-11T00:00:00.000Z,82.7
2024-05-12T00:00:00.000Z,82.7
2024-05-13T00:00:00.000Z,82.26
2024-05-14T00:00:00.000Z,82.1
2024-05-15T00:00:00.000Z,81.06
2024-05-16T00:00:00.000Z,82.31
2024-05-17T00:00:00.000Z,83.09
2024-05-18T00:00:00.000Z,83.09
2024-05-19T00:00:00.000Z,83.09
2024-05-20T00:00:00.000Z,83.12
2024-05-21T00:00:00.000Z,82.06
2024-05-22T00:00:00.000Z,81.58
2024-05-23T00:00:00.000Z,80.93
2024-05-24T00:00:00.000Z,80.66
2024-05-25T00:00:00.000Z,80.66
2024-05-26T00:00:00.000Z,80.66
2024-05-27T00:00:00.000Z,80.66
2024-05-28T00:00:00.000Z,80.66
2024-05-29T00:00:00.000Z,83.3
2024-05-30T00:00:00.000Z,81.82
2024-05-31T00:00:00.000Z,81.18
2024-06-01T00:00:00.000Z,81.18
2024-06-02T00:00:00.000Z,81.18
2024-06-03T00:00:00.000Z,78.09
2024-06-04T00:00:00.000Z,76.75
2024-06-05T00:00:00.000Z,77.14
2024-06-06T00:00:00.000Z,77.14
2024-06-07T00:00:00.000Z,79.33
2024-06-08T00:00:00.000Z,79.33
2024-06-09T00:00:00.000Z,79.33
2024-06-10T00:00:00.000Z,79.35
2024-06-11T00:00:00.000Z,81.2
2024-06-12T00:00:00.000Z,81.97
2024-06-13T00:00:00.000Z,81.8
2024-06-14T00:00:00.000Z,81.92
2024-06-15T00:00:00.000Z,81.92
2024-06-16T00:00:00.000Z,81.92
2024-06-17T00:00:00.000Z,82.11
2024-06-18T00:00:00.000Z,83.66
2024-06-19T00:00:00.000Z,83.66
2024-06-20T00:00:00.000Z,84.89
2024-06-21T00:00:00.000Z,84.84
